category,date,year,week,id_project,project_name,start_price,end_price,performance
General,2024-01-06,2024,1,769,Cosmos,10.79,9.92,-0.08063021316033357
General,2024-01-06,2024,1,3844,Trust Wallet Token,1.25,1.11,-0.11199999999999992
General,2024-01-06,2024,1,3078,Ontology Gas,0.363653,0.338564,-0.0689915936345913
General,2024-01-06,2024,1,8839,Internet Computer,11.16,12.13,0.0869175627240144
General,2024-01-06,2024,1,1032,Zilliqa,0.0251522,0.0226189,-0.10071882380070128
General,2024-01-06,2024,1,907,Decentraland,0.516663,0.45497,-0.11940665385367251
General,2024-01-06,2024,1,1036,Polygon,0.960642,0.828885,-0.13715515249177115
General,2024-01-06,2024,1,5900,Near,3.7,3.51,-0.05135135135135145
General,2024-01-06,2024,1,5518,Avalanche,39.65,34.67,-0.1255989911727616
General,2024-01-06,2024,1,659,ChainLink,15.23,13.52,-0.11227839789888383
General,2024-01-06,2024,1,147,Algorand,0.224059,0.189645,-0.1535934731476977
General,2024-01-06,2024,1,5395,Uniswap,7.45,6.38,-0.14362416107382553
General,2024-01-06,2024,1,8477,Mina Protocol (IOU),1.44,1.11,-0.22916666666666657
General,2024-01-06,2024,1,15776,Astar,0.132695,0.14083,0.06130600248690608
General,2024-01-06,2024,1,3747,Solana,103.6,94.43,-0.0885135135135134
General,2024-01-06,2024,1,1060,GXChain,2.23,0.30866,-0.8615874439461884
General,2024-01-06,2024,1,6569,The Graph,0.177932,0.171799,-0.034468223815839756
General,2024-01-06,2024,1,5674,PancakeSwap,3.52,2.95,-0.16193181818181815
General,2024-01-06,2024,1,10410,Moonriver,27.91,24.18,-0.1336438552490147
General,2024-01-06,2024,1,1069,Hedera Hashgraph,0.086854,0.079579,-0.08376125451907804
General,2024-01-06,2024,1,10418,The Open Network,2.35,2.18,-0.07234042553191486
General,2024-01-06,2024,1,1081,Harmony,0.0192132,0.0170219,-0.11405179772239919
General,2024-01-06,2024,1,1210,Matrix AI Network,0.0215596,0.0203267,-0.057185662071652626
General,2024-01-06,2024,1,7102,Flow - Dapper Labs,0.893062,0.820262,-0.08151729667145168
General,2024-01-06,2024,1,1087,Kava,0.87354,0.779778,-0.10733566865856173
General,2024-01-06,2024,1,1090,IoTeX,0.050264,0.0427211,-0.15006565335031047
General,2024-01-06,2024,1,6723,Lido DAO,2.76,3.16,0.1449275362318842
General,2024-01-06,2024,1,1094,Fetch.ai,0.690926,0.65592,-0.05066533897986194
General,2024-01-06,2024,1,18126,Optimism,3.66,3.24,-0.11475409836065571
General,2024-01-06,2024,1,15951,BitTorrent,1.18e-06,1.07e-06,-0.09322033898305086
General,2024-01-06,2024,1,4688,Polkadot,8.31,7.17,-0.13718411552346577
General,2024-01-06,2024,1,978,Ethereum,2300.18,2242.24,-0.02518933300872108
General,2024-01-06,2024,1,979,XRP,0.624151,0.568117,-0.08977635219682421
General,2024-01-06,2024,1,981,Litecoin,73.15,65.51,-0.10444292549555707
General,2024-01-06,2024,1,2391,Klaytn,0.2332,0.189854,-0.1858747855917667
General,2024-01-06,2024,1,984,TRON,0.1059,0.103885,-0.019027384324834647
General,2024-01-06,2024,1,345,Binance Coin,314.97,307.1,-0.024986506651427133
General,2024-01-06,2024,1,985,Tezos,1.017,0.924132,-0.09131563421828905
General,2024-01-06,2024,1,986,Monero,165.56,153.77,-0.07121285334621884
General,2024-01-06,2024,1,983,Stellar,0.133472,0.119545,-0.10434398225845128
General,2024-01-06,2024,1,988,OKB,55.11,54.55,-0.010161495191435353
General,2024-01-06,2024,1,1118,VeThor Token,0.00240109,0.00226826,-0.05532070851155101
General,2024-01-06,2024,1,987,LEO Token,3.96,4.03,0.01767676767676775
General,2024-01-06,2024,1,4696,Curve DAO Token,0.622368,0.54498,-0.12434443930279193
General,2024-01-06,2024,1,994,VeChain,0.0362504,0.0297698,-0.1787731997440029
General,2024-01-06,2024,1,995,Ontology,0.243635,0.259392,0.06467461571613282
General,2024-01-06,2024,1,996,Maker,1588.82,1742.58,0.09677622386425146
General,2024-01-06,2024,1,4708,SAND,0.580164,0.503506,-0.13213160416709757
General,2024-01-06,2024,1,998,Dogecoin,0.090406,0.080938,-0.1047275623299339
General,2024-01-06,2024,1,18408,Kaspa,0.11756,0.107239,-0.08779346716570259
General,2024-01-06,2024,1,621,Cardano,0.604204,0.523814,-0.13305108870513926
General,2024-01-06,2024,1,5613,Aave,112.4,99.87,-0.11147686832740214
General,2024-01-06,2024,1,1005,Synthetix Network Token,3.86,3.46,-0.10362694300518133
General,2024-01-06,2024,1,1006,Waves,2.75,2.48,-0.09818181818181819
General,2024-01-06,2024,1,6641,1inch,0.421521,0.465551,0.10445505680618526
General,2024-01-06,2024,1,22511,Polygon Ecosystem Token,0.955494,0.828278,-0.13314160005191034
General,2024-01-06,2024,1,1011,Theta Network,1.27,1.11,-0.12598425196850388
General,2024-01-06,2024,1,15733,Acala,0.10834,0.100684,-0.0706664205279676
General,2024-01-06,2024,1,1014,Enjin Coin,0.373411,0.306603,-0.17891277975206937
General,2024-01-06,2024,1,376,Bitcoin,42285.0,43857.0,0.037176303653777935
General,2024-01-06,2024,1,6009,Axie Infinity,9.19,8.21,-0.1066376496191511
General,2024-01-06,2024,1,382,Bitcoin Cash,272.0,236.94,-0.12889705882352942
General,2024-01-13,2024,2,769,Cosmos,9.92,10.27,0.03528225806451609
General,2024-01-20,2024,3,769,Cosmos,10.27,9.77,-0.04868549172346641
General,2024-01-13,2024,2,3844,Trust Wallet Token,1.11,1.16,0.04504504504504488
General,2024-01-20,2024,3,3844,Trust Wallet Token,1.16,1.11,-0.04310344827586192
General,2024-01-13,2024,2,3078,Ontology Gas,0.338564,0.354884,0.048203589277064314
General,2024-01-20,2024,3,3078,Ontology Gas,0.354884,0.323865,-0.08740602563091028
General,2024-01-13,2024,2,8839,Internet Computer,12.13,12.93,0.06595218466611698
General,2024-01-20,2024,3,8839,Internet Computer,12.93,11.4,-0.11832946635730854
General,2024-01-13,2024,2,1032,Zilliqa,0.0226189,0.0219978,-0.02745933710304212
General,2024-01-20,2024,3,1032,Zilliqa,0.0219978,0.0217344,-0.011973924665193812
General,2024-01-13,2024,2,907,Decentraland,0.45497,0.47075,0.03468360551245141
General,2024-01-20,2024,3,907,Decentraland,0.47075,0.473862,0.006610727562400433
General,2024-01-13,2024,2,1036,Polygon,0.828885,0.884572,0.06718302297664941
General,2024-01-20,2024,3,1036,Polygon,0.884572,0.778208,-0.12024346237502431
General,2024-01-13,2024,2,5900,Near,3.51,3.43,-0.022792022792022686
General,2024-01-20,2024,3,5900,Near,3.43,2.94,-0.1428571428571429
General,2024-01-13,2024,2,5518,Avalanche,34.67,36.31,0.04730314392846843
General,2024-01-20,2024,3,5518,Avalanche,36.31,32.62,-0.10162489672266606
General,2024-01-13,2024,2,659,ChainLink,13.52,14.38,0.06360946745562139
General,2024-01-20,2024,3,659,ChainLink,14.38,15.72,0.09318497913769122
General,2024-01-13,2024,2,147,Algorand,0.189645,0.190809,0.00613778375385588
General,2024-01-20,2024,3,147,Algorand,0.190809,0.171952,-0.0988265752663659
General,2024-01-13,2024,2,5395,Uniswap,6.38,6.63,0.03918495297805643
General,2024-01-20,2024,3,5395,Uniswap,6.63,6.48,-0.02262443438914019
General,2024-01-13,2024,2,8477,Mina Protocol (IOU),1.11,1.23,0.10810810810810799
General,2024-01-20,2024,3,8477,Mina Protocol (IOU),1.23,1.13,-0.08130081300813015
General,2024-01-13,2024,2,15776,Astar,0.14083,0.151607,0.07652488816303331
General,2024-01-20,2024,3,15776,Astar,0.151607,0.180917,0.19332880407896735
General,2024-01-13,2024,2,3747,Solana,94.43,96.24,0.019167637403367445
General,2024-01-20,2024,3,3747,Solana,96.24,92.59,-0.03792601828761421
General,2024-01-13,2024,2,1060,GXChain,0.30866,2.09,5.771204561653599
General,2024-01-20,2024,3,1060,GXChain,2.09,0.298598,-0.8571301435406699
General,2024-01-13,2024,2,6569,The Graph,0.171799,0.172115,0.0018393587855574417
General,2024-01-20,2024,3,6569,The Graph,0.172115,0.159644,-0.07245736861981804
General,2024-01-13,2024,2,5674,PancakeSwap,2.95,2.95,0.0
General,2024-01-20,2024,3,5674,PancakeSwap,2.95,2.72,-0.07796610169491525
General,2024-01-13,2024,2,10410,Moonriver,24.18,27.31,0.12944582299421006
General,2024-01-20,2024,3,10410,Moonriver,27.31,24.36,-0.10801904064445256
General,2024-01-13,2024,2,1069,Hedera Hashgraph,0.079579,0.080322,0.009336634036617796
General,2024-01-20,2024,3,1069,Hedera Hashgraph,0.080322,0.076004,-0.05375862154826825
General,2024-01-13,2024,2,10418,The Open Network,2.18,2.11,-0.03211009174311939
General,2024-01-20,2024,3,10418,The Open Network,2.11,2.26,0.07109004739336489
General,2024-01-13,2024,2,1081,Harmony,0.0170219,0.0165467,-0.027916977540697486
General,2024-01-20,2024,3,1081,Harmony,0.0165467,0.0148119,-0.10484265744831305
General,2024-01-13,2024,2,1210,Matrix AI Network,0.0203267,0.0194397,-0.04363718655758184
General,2024-01-20,2024,3,1210,Matrix AI Network,0.0194397,0.01791,-0.07868948594885733
General,2024-01-14,2024,3,21307,CatKing,2.651e-11,2.651e-11,0.0
General,2024-01-13,2024,2,7102,Flow - Dapper Labs,0.820262,0.849094,0.035149744837625015
General,2024-01-20,2024,3,7102,Flow - Dapper Labs,0.849094,0.775763,-0.0863638183758218
General,2024-01-13,2024,2,1087,Kava,0.779778,0.778556,-0.001567112691047895
General,2024-01-20,2024,3,1087,Kava,0.778556,0.717456,-0.07847861939282472
General,2024-01-13,2024,2,1090,IoTeX,0.0427211,0.0434999,0.01822986767662825
General,2024-01-20,2024,3,1090,IoTeX,0.0434999,0.0417987,-0.03910813588077214
General,2024-01-13,2024,2,6723,Lido DAO,3.16,3.4,0.07594936708860751
General,2024-01-20,2024,3,6723,Lido DAO,3.4,2.89,-0.14999999999999994
General,2024-01-13,2024,2,1094,Fetch.ai,0.65592,0.681945,0.039677094767654714
General,2024-01-20,2024,3,1094,Fetch.ai,0.681945,0.609014,-0.10694557478975572
General,2024-01-13,2024,2,18126,Optimism,3.24,3.77,0.16358024691358017
General,2024-01-20,2024,3,18126,Optimism,3.77,3.17,-0.15915119363395228
General,2024-01-13,2024,2,15951,BitTorrent,1.07e-06,1.08e-06,0.009345794392523473
General,2024-01-20,2024,3,15951,BitTorrent,1.08e-06,9.73958e-07,-0.09818703703703704
General,2024-01-13,2024,2,4688,Polkadot,7.17,7.65,0.06694560669456073
General,2024-01-20,2024,3,4688,Polkadot,7.65,6.87,-0.10196078431372552
General,2024-01-13,2024,2,978,Ethereum,2242.24,2571.78,0.14696910232624538
General,2024-01-20,2024,3,978,Ethereum,2571.78,2463.03,-0.04228588759536196
General,2024-01-13,2024,2,979,XRP,0.568117,0.575125,0.012335487232383495
General,2024-01-20,2024,3,979,XRP,0.575125,0.548614,-0.04609606607259283
General,2024-01-13,2024,2,981,Litecoin,65.51,71.93,0.09800030529690125
General,2024-01-20,2024,3,981,Litecoin,71.93,70.86,-0.01487557347421114
General,2024-01-13,2024,2,2391,Klaytn,0.189854,0.193611,0.019788890410526037
General,2024-01-20,2024,3,2391,Klaytn,0.193611,0.199356,0.029672900816585836
General,2024-01-13,2024,2,984,TRON,0.103885,0.113699,0.09446984646484083
General,2024-01-20,2024,3,984,TRON,0.113699,0.110089,-0.031750499124882266
General,2024-01-13,2024,2,345,Binance Coin,307.1,302.36,-0.015434711820254018
General,2024-01-20,2024,3,345,Binance Coin,302.36,315.66,0.043987299907395194
General,2024-01-13,2024,2,985,Tezos,0.924132,1.07,0.1578432518298253
General,2024-01-20,2024,3,985,Tezos,1.07,1.028,-0.039252336448598164
General,2024-01-13,2024,2,986,Monero,153.77,154.88,0.0072185731937308
General,2024-01-20,2024,3,986,Monero,154.88,156.3,0.00916838842975217
General,2024-01-13,2024,2,983,Stellar,0.119545,0.119997,0.0037810029695931066
General,2024-01-20,2024,3,983,Stellar,0.119997,0.114428,-0.04640949357067264
General,2024-01-13,2024,2,988,OKB,54.55,53.59,-0.017598533455545257
General,2024-01-20,2024,3,988,OKB,53.59,53.6,0.00018660197798092947
General,2024-01-13,2024,2,1118,VeThor Token,0.00226826,0.00235581,0.03859786796928044
General,2024-01-20,2024,3,1118,VeThor Token,0.00235581,0.00217872,-0.07517159703032078
General,2024-01-13,2024,2,987,LEO Token,4.03,4.06,0.007444168734491156
General,2024-01-20,2024,3,987,LEO Token,4.06,3.98,-0.019704433497536856
General,2024-01-13,2024,2,4696,Curve DAO Token,0.54498,0.561041,0.029470806268119914
General,2024-01-20,2024,3,4696,Curve DAO Token,0.561041,0.523093,-0.0676385504802679
General,2024-01-13,2024,2,994,VeChain,0.0297698,0.0310984,0.044629120786837645
General,2024-01-20,2024,3,994,VeChain,0.0310984,0.0282478,-0.09166387981375243
General,2024-01-13,2024,2,995,Ontology,0.259392,0.246475,-0.04979721811004199
General,2024-01-20,2024,3,995,Ontology,0.246475,0.237031,-0.03831625925550262
General,2024-01-13,2024,2,996,Maker,1742.58,2072.51,0.18933420560318626
General,2024-01-20,2024,3,996,Maker,2072.51,1970.93,-0.04901303250647772
General,2024-01-13,2024,2,4708,SAND,0.503506,0.512107,0.017082219477027025
General,2024-01-20,2024,3,4708,SAND,0.512107,0.485643,-0.05167670037706961
General,2024-01-13,2024,2,998,Dogecoin,0.080938,0.081141,0.002508092614099789
General,2024-01-20,2024,3,998,Dogecoin,0.081141,0.084308,0.03903082288855189
General,2024-01-13,2024,2,18408,Kaspa,0.107239,0.113593,0.05925083225319146
General,2024-01-20,2024,3,18408,Kaspa,0.113593,0.102815,-0.0948826072029086
General,2024-01-13,2024,2,621,Cardano,0.523814,0.549262,0.04858213029815932
General,2024-01-20,2024,3,621,Cardano,0.549262,0.512815,-0.06635631083162499
General,2024-01-13,2024,2,5613,Aave,99.87,106.72,0.06858916591569034
General,2024-01-20,2024,3,5613,Aave,106.72,96.6,-0.09482758620689659
General,2024-01-13,2024,2,1005,Synthetix Network Token,3.46,3.75,0.08381502890173412
General,2024-01-20,2024,3,1005,Synthetix Network Token,3.75,3.28,-0.12533333333333338
General,2024-01-13,2024,2,1006,Waves,2.48,2.47,-0.004032258064516043
General,2024-01-20,2024,3,1006,Waves,2.47,2.39,-0.032388663967611364
General,2024-01-13,2024,2,6641,1inch,0.465551,0.495475,0.06427652394689305
General,2024-01-20,2024,3,6641,1inch,0.495475,0.419845,-0.15264140471264942
General,2024-01-13,2024,2,22511,Polygon Ecosystem Token,0.828278,0.883404,0.06655494894226335
General,2024-01-20,2024,3,22511,Polygon Ecosystem Token,0.883404,0.778726,-0.11849391671307798
General,2024-01-13,2024,2,1011,Theta Network,1.11,1.062,-0.04324324324324328
General,2024-01-20,2024,3,1011,Theta Network,1.062,1.022,-0.037664783427495324
General,2024-01-13,2024,2,15733,Acala,0.100684,0.104456,0.03746374796392672
General,2024-01-20,2024,3,15733,Acala,0.104456,0.094347,-0.09677759056444812
General,2024-01-13,2024,2,1014,Enjin Coin,0.306603,0.320065,0.04390694154982167
General,2024-01-20,2024,3,1014,Enjin Coin,0.320065,0.294158,-0.08094293346663964
General,2024-01-13,2024,2,376,Bitcoin,43857.0,42845.0,-0.023074993729621268
General,2024-01-20,2024,3,376,Bitcoin,42845.0,41682.0,-0.027144357567977593
General,2024-01-13,2024,2,6009,Axie Infinity,8.21,8.17,-0.0048721071863582115
General,2024-01-20,2024,3,6009,Axie Infinity,8.17,7.79,-0.04651162790697673
General,2024-01-13,2024,2,382,Bitcoin Cash,236.94,254.75,0.07516670887144426
General,2024-01-20,2024,3,382,Bitcoin Cash,254.75,238.6,-0.06339548577036312
General,2024-01-14,2024,3,22399,Pepa ERC,1.8033e-08,1.758e-08,-0.025120612210946643
General,2023-09-30,2023,39,769,Cosmos,7.09,7.29,0.028208744710860392
General,2023-10-07,2023,40,769,Cosmos,7.29,6.96,-0.045267489711934165
General,2023-10-14,2023,41,769,Cosmos,6.96,6.57,-0.05603448275862064
General,2023-10-21,2023,42,769,Cosmos,6.57,6.62,0.0076103500761034735
General,2023-10-28,2023,43,769,Cosmos,6.62,7.18,0.08459214501510567
General,2023-11-04,2023,44,769,Cosmos,7.18,7.96,0.10863509749303625
General,2023-11-11,2023,45,769,Cosmos,7.96,9.31,0.1695979899497488
General,2023-11-18,2023,46,769,Cosmos,9.31,9.19,-0.012889366272825026
General,2023-11-25,2023,47,769,Cosmos,9.19,9.2,0.0010881392818280508
General,2023-12-02,2023,48,769,Cosmos,9.2,9.68,0.052173913043478314
General,2023-12-09,2023,49,769,Cosmos,9.68,10.69,0.1043388429752066
General,2023-12-16,2023,50,769,Cosmos,10.69,11.69,0.09354536950420955
General,2023-12-23,2023,51,769,Cosmos,11.69,11.19,-0.0427715996578272
General,2023-12-30,2023,52,769,Cosmos,11.19,10.79,-0.03574620196604114
General,2023-09-30,2023,39,3844,Trust Wallet Token,0.780974,0.780103,-0.0011152740040000757
General,2023-10-07,2023,40,3844,Trust Wallet Token,0.780103,1.011,0.2959827099754775
General,2023-10-14,2023,41,3844,Trust Wallet Token,1.011,1.072,0.06033630069238395
General,2023-10-21,2023,42,3844,Trust Wallet Token,1.072,1.034,-0.03544776119402988
General,2023-10-28,2023,43,3844,Trust Wallet Token,1.034,1.044,0.009671179883945849
General,2023-11-04,2023,44,3844,Trust Wallet Token,1.044,1.3,0.24521072796934865
General,2023-11-11,2023,45,3844,Trust Wallet Token,1.3,1.37,0.05384615384615389
General,2023-11-18,2023,46,3844,Trust Wallet Token,1.37,1.17,-0.14598540145985414
General,2023-11-25,2023,47,3844,Trust Wallet Token,1.17,1.15,-0.01709401709401711
General,2023-12-02,2023,48,3844,Trust Wallet Token,1.15,1.19,0.03478260869565221
General,2023-12-09,2023,49,3844,Trust Wallet Token,1.19,1.24,0.042016806722689114
General,2023-12-16,2023,50,3844,Trust Wallet Token,1.24,1.18,-0.04838709677419359
General,2023-12-23,2023,51,3844,Trust Wallet Token,1.18,1.23,0.04237288135593224
General,2023-12-30,2023,52,3844,Trust Wallet Token,1.23,1.25,0.016260162601626032
General,2023-09-30,2023,39,3078,Ontology Gas,0.238862,0.228652,-0.04274434610779445
General,2023-10-07,2023,40,3078,Ontology Gas,0.228652,0.236966,0.03636093277119822
General,2023-10-14,2023,41,3078,Ontology Gas,0.236966,0.227176,-0.04131394377252442
General,2023-10-21,2023,42,3078,Ontology Gas,0.227176,0.248054,0.0919023136246787
General,2023-10-28,2023,43,3078,Ontology Gas,0.248054,0.294083,0.18556040217049508
General,2023-11-04,2023,44,3078,Ontology Gas,0.294083,0.406537,0.38238864538242606
General,2023-11-11,2023,45,3078,Ontology Gas,0.406537,0.384436,-0.054364055424229486
General,2023-11-18,2023,46,3078,Ontology Gas,0.384436,0.347725,-0.09549313799956298
General,2023-11-25,2023,47,3078,Ontology Gas,0.347725,0.344584,-0.009033000215687698
General,2023-12-16,2023,50,3078,Ontology Gas,0.429986,0.371328,-0.13641839501751218
General,2023-12-23,2023,51,3078,Ontology Gas,0.371328,0.372112,0.002111340916925217
General,2023-12-30,2023,52,3078,Ontology Gas,0.372112,0.363653,-0.022732403147439465
General,2023-09-30,2023,39,8839,Internet Computer,2.96,3.18,0.0743243243243244
General,2023-10-07,2023,40,8839,Internet Computer,3.18,3.08,-0.03144654088050317
General,2023-10-14,2023,41,8839,Internet Computer,3.08,3.11,0.009740259740259676
General,2023-10-21,2023,42,8839,Internet Computer,3.11,3.23,0.03858520900321547
General,2023-10-28,2023,43,8839,Internet Computer,3.23,3.68,0.13931888544891646
General,2023-11-04,2023,44,8839,Internet Computer,3.68,3.99,0.08423913043478262
General,2023-11-11,2023,45,8839,Internet Computer,3.99,4.49,0.12531328320802004
General,2023-11-18,2023,46,8839,Internet Computer,4.49,4.27,-0.04899777282850794
General,2023-11-25,2023,47,8839,Internet Computer,4.27,4.71,0.10304449648711954
General,2023-12-02,2023,48,8839,Internet Computer,4.71,4.86,0.03184713375796186
General,2023-12-09,2023,49,8839,Internet Computer,4.86,5.48,0.12757201646090535
General,2023-12-16,2023,50,8839,Internet Computer,5.48,10.31,0.8813868613138686
General,2023-12-23,2023,51,8839,Internet Computer,10.31,9.22,-0.10572259941804071
General,2023-12-30,2023,52,8839,Internet Computer,9.22,11.16,0.21041214750542292
General,2023-09-30,2023,39,1032,Zilliqa,0.0173955,0.01782,0.024402862809347118
General,2023-10-07,2023,40,1032,Zilliqa,0.01782,0.0169073,-0.05121773288439949
General,2023-10-14,2023,41,1032,Zilliqa,0.0169073,0.0162723,-0.037557741330667825
General,2023-10-21,2023,42,1032,Zilliqa,0.0162723,0.0173849,0.06837386233046332
General,2023-10-28,2023,43,1032,Zilliqa,0.0173849,0.0187166,0.07660095830289514
General,2023-11-04,2023,44,1032,Zilliqa,0.0187166,0.0200854,0.0731329408118996
General,2023-11-11,2023,45,1032,Zilliqa,0.0200854,0.0227982,0.13506327979527424
General,2023-11-18,2023,46,1032,Zilliqa,0.0227982,0.0218219,-0.04282355624566849
General,2023-11-25,2023,47,1032,Zilliqa,0.0218219,0.02127,-0.025291106640576714
General,2023-12-02,2023,48,1032,Zilliqa,0.02127,0.0222904,0.047973671838269755
General,2023-12-09,2023,49,1032,Zilliqa,0.0222904,0.0249278,0.1183199942576177
General,2023-12-16,2023,50,1032,Zilliqa,0.0249278,0.0240104,-0.036802284999077284
General,2023-12-23,2023,51,1032,Zilliqa,0.0240104,0.0255205,0.06289357944890549
General,2023-12-30,2023,52,1032,Zilliqa,0.0255205,0.0251522,-0.0144315354322996
General,2023-09-30,2023,39,907,Decentraland,0.293586,0.310148,0.05641277172617211
General,2023-10-07,2023,40,907,Decentraland,0.310148,0.298481,-0.03761752453667276
General,2023-10-14,2023,41,907,Decentraland,0.298481,0.284126,-0.04809351348997091
General,2023-10-21,2023,42,907,Decentraland,0.284126,0.300086,0.056172261602246996
General,2023-10-28,2023,43,907,Decentraland,0.300086,0.349711,0.16536926081190048
General,2023-11-04,2023,44,907,Decentraland,0.349711,0.403512,0.15384417418954505
General,2023-11-11,2023,45,907,Decentraland,0.403512,0.475976,0.1795832589861021
General,2023-11-18,2023,46,907,Decentraland,0.475976,0.416728,-0.12447686437971667
General,2023-11-25,2023,47,907,Decentraland,0.416728,0.460109,0.10409907661592215
General,2023-12-02,2023,48,907,Decentraland,0.460109,0.459434,-0.001467043678780422
General,2023-12-09,2023,49,907,Decentraland,0.459434,0.528944,0.15129485410309199
General,2023-12-16,2023,50,907,Decentraland,0.528944,0.501524,-0.051839136090020874
General,2023-12-23,2023,51,907,Decentraland,0.501524,0.512406,0.021697864907761263
General,2023-12-30,2023,52,907,Decentraland,0.512406,0.516663,0.00830786524747945
General,2023-09-30,2023,39,1036,Polygon,0.520977,0.534878,0.026682559882681846
General,2023-10-07,2023,40,1036,Polygon,0.534878,0.56519,0.05667086700144707
General,2023-10-14,2023,41,1036,Polygon,0.56519,0.516831,-0.08556237725366679
General,2023-10-21,2023,42,1036,Polygon,0.516831,0.570947,0.10470734147138995
General,2023-10-28,2023,43,1036,Polygon,0.570947,0.622512,0.09031486285066735
General,2023-11-04,2023,44,1036,Polygon,0.622512,0.66845,0.07379456138998129
General,2023-11-11,2023,45,1036,Polygon,0.66845,0.806522,0.206555464133443
General,2023-11-18,2023,46,1036,Polygon,0.806522,0.828427,0.027159829490082187
General,2023-11-25,2023,47,1036,Polygon,0.828427,0.773731,-0.06602392244579193
General,2023-12-02,2023,48,1036,Polygon,0.773731,0.819007,0.058516461147349784
General,2023-12-09,2023,49,1036,Polygon,0.819007,0.895682,0.0936194684538715
General,2023-12-16,2023,50,1036,Polygon,0.895682,0.851068,-0.0498100888484975
General,2023-12-23,2023,51,1036,Polygon,0.851068,0.851065,-3.524982727685998e-06
General,2023-12-30,2023,52,1036,Polygon,0.851065,0.960642,0.12875279796490285
General,2023-09-30,2023,39,5900,Near,1.11,1.14,0.027027027027026848
General,2023-10-07,2023,40,5900,Near,1.14,1.088,-0.04561403508771915
General,2023-10-14,2023,41,5900,Near,1.088,1.009,-0.07261029411764722
General,2023-10-21,2023,42,5900,Near,1.009,1.043,0.033696729435084276
General,2023-10-28,2023,43,5900,Near,1.043,1.23,0.17929050814956862
General,2023-11-04,2023,44,5900,Near,1.23,1.5,0.21951219512195125
General,2023-11-11,2023,45,5900,Near,1.5,1.61,0.0733333333333334
General,2023-11-18,2023,46,5900,Near,1.61,1.78,0.10559006211180119
General,2023-11-25,2023,47,5900,Near,1.78,1.87,0.050561797752809036
General,2023-12-02,2023,48,5900,Near,1.87,2.02,0.08021390374331545
General,2023-12-09,2023,49,5900,Near,2.02,2.51,0.24257425742574246
General,2023-12-16,2023,50,5900,Near,2.51,2.37,-0.05577689243027876
General,2023-12-23,2023,51,5900,Near,2.37,3.56,0.5021097046413502
General,2023-12-30,2023,52,5900,Near,3.56,3.7,0.03932584269662925
General,2023-09-30,2023,39,5518,Avalanche,8.9,9.26,0.040449438202247126
General,2023-10-07,2023,40,5518,Avalanche,9.26,10.36,0.11879049676025914
General,2023-10-14,2023,41,5518,Avalanche,10.36,9.18,-0.11389961389961388
General,2023-10-21,2023,42,5518,Avalanche,9.18,9.65,0.05119825708061009
General,2023-10-28,2023,43,5518,Avalanche,9.65,10.99,0.13886010362694298
General,2023-11-04,2023,44,5518,Avalanche,10.99,12.08,0.09918107370336668
General,2023-11-11,2023,45,5518,Avalanche,12.08,16.43,0.36009933774834435
General,2023-11-18,2023,46,5518,Avalanche,16.43,22.17,0.3493609251369447
General,2023-11-25,2023,47,5518,Avalanche,22.17,21.18,-0.044654939106901305
General,2023-12-02,2023,48,5518,Avalanche,21.18,22.29,0.05240793201133142
General,2023-12-09,2023,49,5518,Avalanche,22.29,32.35,0.45132346343651875
General,2023-12-16,2023,50,5518,Avalanche,32.35,42.94,0.32735703245749603
General,2023-12-23,2023,51,5518,Avalanche,42.94,45.93,0.06963204471355385
General,2023-12-30,2023,52,5518,Avalanche,45.93,39.65,-0.136729806226867
General,2023-09-30,2023,39,659,ChainLink,7.15,8.16,0.14125874125874122
General,2023-10-07,2023,40,659,ChainLink,8.16,7.51,-0.07965686274509808
General,2023-10-14,2023,41,659,ChainLink,7.51,7.32,-0.025299600532623104
General,2023-10-21,2023,42,659,ChainLink,7.32,8.82,0.20491803278688525
General,2023-10-28,2023,43,659,ChainLink,8.82,11.0,0.24716553287981854
General,2023-11-04,2023,44,659,ChainLink,11.0,11.34,0.030909090909090896
General,2023-11-11,2023,45,659,ChainLink,11.34,16.45,0.45061728395061723
General,2023-11-18,2023,46,659,ChainLink,16.45,13.7,-0.16717325227963525
General,2023-11-25,2023,47,659,ChainLink,13.7,14.7,0.07299270072992702
General,2023-12-02,2023,48,659,ChainLink,14.7,16.15,0.09863945578231288
General,2023-12-09,2023,49,659,ChainLink,16.15,16.52,0.02291021671826632
General,2023-12-16,2023,50,659,ChainLink,16.52,14.38,-0.12953995157384982
General,2023-12-23,2023,51,659,ChainLink,14.38,15.5,0.07788595271210008
General,2023-12-30,2023,52,659,ChainLink,15.5,15.23,-0.01741935483870965
General,2023-09-30,2023,39,147,Algorand,0.100119,0.103944,0.03820453660144423
General,2023-10-07,2023,40,147,Algorand,0.103944,0.100401,-0.03408566151004378
General,2023-10-14,2023,41,147,Algorand,0.100401,0.095151,-0.052290315833507676
General,2023-10-21,2023,42,147,Algorand,0.095151,0.093717,-0.015070782230349704
General,2023-10-28,2023,43,147,Algorand,0.093717,0.101531,0.08337868262961898
General,2023-11-04,2023,44,147,Algorand,0.101531,0.11357,0.11857462252907987
General,2023-11-11,2023,45,147,Algorand,0.11357,0.134527,0.18452936514924717
General,2023-11-18,2023,46,147,Algorand,0.134527,0.133921,-0.004504671924595028
General,2023-11-25,2023,47,147,Algorand,0.133921,0.140347,0.04798351266791606
General,2023-12-02,2023,48,147,Algorand,0.140347,0.145234,0.03482083692562009
General,2023-12-09,2023,49,147,Algorand,0.145234,0.204051,0.4049809273310658
General,2023-12-16,2023,50,147,Algorand,0.204051,0.198973,-0.024885935378900367
General,2023-12-23,2023,51,147,Algorand,0.198973,0.234484,0.17847145090037334
General,2023-12-30,2023,52,147,Algorand,0.234484,0.224059,-0.04445932345064051
General,2023-09-30,2023,39,5395,Uniswap,4.26,4.46,0.04694835680751178
General,2023-10-07,2023,40,5395,Uniswap,4.46,4.36,-0.02242152466367705
General,2023-10-14,2023,41,5395,Uniswap,4.36,4.09,-0.06192660550458726
General,2023-10-21,2023,42,5395,Uniswap,4.09,4.13,0.009779951100244507
General,2023-10-28,2023,43,5395,Uniswap,4.13,4.1,-0.0072639225181598665
General,2023-11-04,2023,44,5395,Uniswap,4.1,4.68,0.14146341463414638
General,2023-11-11,2023,45,5395,Uniswap,4.68,5.46,0.16666666666666674
General,2023-11-18,2023,46,5395,Uniswap,5.46,5.06,-0.07326007326007332
General,2023-11-25,2023,47,5395,Uniswap,5.06,6.14,0.21343873517786563
General,2023-12-02,2023,48,5395,Uniswap,6.14,6.16,0.0032573289902280886
General,2023-12-09,2023,49,5395,Uniswap,6.16,6.76,0.09740259740259734
General,2023-12-16,2023,50,5395,Uniswap,6.76,6.13,-0.09319526627218934
General,2023-12-23,2023,51,5395,Uniswap,6.13,6.27,0.022838499184339264
General,2023-12-30,2023,52,5395,Uniswap,6.27,7.45,0.18819776714513567
General,2023-09-30,2023,39,8477,Mina Protocol (IOU),0.382318,0.379895,-0.006337656087340927
General,2023-10-07,2023,40,8477,Mina Protocol (IOU),0.379895,0.386893,0.018420879453533226
General,2023-10-14,2023,41,8477,Mina Protocol (IOU),0.386893,0.360435,-0.06838583277547018
General,2023-10-21,2023,42,8477,Mina Protocol (IOU),0.360435,0.399205,0.10756447070900431
General,2023-10-28,2023,43,8477,Mina Protocol (IOU),0.399205,0.613202,0.5360579151062739
General,2023-11-04,2023,44,8477,Mina Protocol (IOU),0.613202,0.602307,-0.017767391495787665
General,2023-11-11,2023,45,8477,Mina Protocol (IOU),0.602307,0.692302,0.149417157695328
General,2023-11-18,2023,46,8477,Mina Protocol (IOU),0.692302,0.607718,-0.12217789346267957
General,2023-11-25,2023,47,8477,Mina Protocol (IOU),0.607718,0.799963,0.3163391573065139
General,2023-12-02,2023,48,8477,Mina Protocol (IOU),0.799963,0.763481,-0.04560460921317613
General,2023-12-09,2023,49,8477,Mina Protocol (IOU),0.763481,0.77084,0.009638746740259423
General,2023-12-16,2023,50,8477,Mina Protocol (IOU),0.77084,0.777631,0.008809869752477805
General,2023-12-23,2023,51,8477,Mina Protocol (IOU),0.777631,1.017,0.30781823255502927
General,2023-12-30,2023,52,8477,Mina Protocol (IOU),1.017,1.44,0.4159292035398231
General,2023-09-30,2023,39,15776,Astar,0.050784,0.0490695,-0.033760633270321375
General,2023-10-07,2023,40,15776,Astar,0.0490695,0.0461094,-0.06032464157980008
General,2023-10-14,2023,41,15776,Astar,0.0461094,0.0424948,-0.07839182466048143
General,2023-10-21,2023,42,15776,Astar,0.0424948,0.0419866,-0.011959110291141512
General,2023-10-28,2023,43,15776,Astar,0.0419866,0.05173,0.23205975239719337
General,2023-11-04,2023,44,15776,Astar,0.05173,0.054559,0.0546878020491012
General,2023-11-11,2023,45,15776,Astar,0.054559,0.072067,0.32090030975641054
General,2023-11-18,2023,46,15776,Astar,0.072067,0.062827,-0.12821402306187313
General,2023-11-25,2023,47,15776,Astar,0.062827,0.067223,0.06996991739220416
General,2023-12-02,2023,48,15776,Astar,0.067223,0.069801,0.03834996950448502
General,2023-12-09,2023,49,15776,Astar,0.069801,0.075255,0.07813641638371943
General,2023-12-16,2023,50,15776,Astar,0.075255,0.080901,0.0750249152880207
General,2023-12-23,2023,51,15776,Astar,0.080901,0.096619,0.1942868444147785
General,2023-12-30,2023,52,15776,Astar,0.096619,0.132695,0.37338411699562213
General,2023-09-30,2023,39,3747,Solana,19.45,21.37,0.09871465295629829
General,2023-10-07,2023,40,3747,Solana,21.37,23.26,0.08844174075807208
General,2023-10-14,2023,41,3747,Solana,23.26,21.95,-0.05631986242476364
General,2023-10-21,2023,42,3747,Solana,21.95,29.64,0.3503416856492028
General,2023-10-28,2023,43,3747,Solana,29.64,31.78,0.07219973009446695
General,2023-11-04,2023,44,3747,Solana,31.78,41.73,0.3130899937067336
General,2023-11-11,2023,45,3747,Solana,41.73,57.57,0.3795830337886414
General,2023-11-18,2023,46,3747,Solana,57.57,59.05,0.02570783394128881
General,2023-11-25,2023,47,3747,Solana,59.05,58.98,-0.0011854360711261692
General,2023-12-02,2023,48,3747,Solana,58.98,63.08,0.06951508986096985
General,2023-12-09,2023,49,3747,Solana,63.08,73.76,0.16930881420418528
General,2023-12-16,2023,50,3747,Solana,73.76,73.5,-0.003524945770065145
General,2023-12-23,2023,51,3747,Solana,73.5,102.97,0.40095238095238095
General,2023-12-30,2023,52,3747,Solana,102.97,103.6,0.006118286879673647
General,2023-09-30,2023,39,1060,GXChain,0.309109,0.311811,0.008741253085481114
General,2023-10-07,2023,40,1060,GXChain,0.311811,0.306234,-0.017885834688320806
General,2023-10-14,2023,41,1060,GXChain,0.306234,0.307776,0.0050353651129528
General,2023-10-21,2023,42,1060,GXChain,0.307776,0.285224,-0.07327406945310881
General,2023-10-28,2023,43,1060,GXChain,0.285224,0.293513,0.02906136930973567
General,2023-11-04,2023,44,1060,GXChain,0.293513,0.307907,0.04904041728986437
General,2023-11-11,2023,45,1060,GXChain,0.307907,0.315725,0.025390783580756502
General,2023-11-18,2023,46,1060,GXChain,0.315725,0.313013,-0.008589753741388843
General,2023-11-25,2023,47,1060,GXChain,0.313013,0.302449,-0.03374939698990126
General,2023-12-02,2023,48,1060,GXChain,0.302449,0.307398,0.016363089314231426
General,2023-12-09,2023,49,1060,GXChain,0.307398,0.334297,0.0875054489619321
General,2023-12-16,2023,50,1060,GXChain,0.334297,2.01,5.012617522741753
General,2023-12-23,2023,51,1060,GXChain,2.01,2.42,0.20398009950248766
General,2023-12-30,2023,52,1060,GXChain,2.42,2.23,-0.07851239669421485
General,2023-09-30,2023,39,6569,The Graph,0.089284,0.088805,-0.0053649030061377985
General,2023-10-07,2023,40,6569,The Graph,0.088805,0.085406,-0.0382748719103654
General,2023-10-14,2023,41,6569,The Graph,0.085406,0.081259,-0.048556307519378006
General,2023-10-21,2023,42,6569,The Graph,0.081259,0.082608,0.016601238016712032
General,2023-10-28,2023,43,6569,The Graph,0.082608,0.101577,0.2296266705403835
General,2023-11-04,2023,44,6569,The Graph,0.101577,0.117421,0.1559801923663821
General,2023-11-11,2023,45,6569,The Graph,0.117421,0.140202,0.19401129269892095
General,2023-11-18,2023,46,6569,The Graph,0.140202,0.126179,-0.10001997118443375
General,2023-11-25,2023,47,6569,The Graph,0.126179,0.15118,0.19813915152283654
General,2023-12-02,2023,48,6569,The Graph,0.15118,0.153035,0.012270141553115461
General,2023-12-09,2023,49,6569,The Graph,0.153035,0.170761,0.11582971215734957
General,2023-12-16,2023,50,6569,The Graph,0.170761,0.163437,-0.042890355526144716
General,2023-12-23,2023,51,6569,The Graph,0.163437,0.182165,0.1145884958730275
General,2023-12-30,2023,52,6569,The Graph,0.182165,0.177932,-0.02323717508851858
General,2023-09-30,2023,39,5674,PancakeSwap,1.15,1.17,0.017391304347826105
General,2023-10-07,2023,40,5674,PancakeSwap,1.17,1.18,0.008547008547008555
General,2023-10-14,2023,41,5674,PancakeSwap,1.18,1.11,-0.059322033898304954
General,2023-10-21,2023,42,5674,PancakeSwap,1.11,1.12,0.009009009009009016
General,2023-10-28,2023,43,5674,PancakeSwap,1.12,1.23,0.09821428571428559
General,2023-11-04,2023,44,5674,PancakeSwap,1.23,1.86,0.5121951219512196
General,2023-11-11,2023,45,5674,PancakeSwap,1.86,2.29,0.2311827956989247
General,2023-11-18,2023,46,5674,PancakeSwap,2.29,2.45,0.06986899563318784
General,2023-11-25,2023,47,5674,PancakeSwap,2.45,2.4,-0.02040816326530623
General,2023-12-02,2023,48,5674,PancakeSwap,2.4,2.37,-0.01249999999999992
General,2023-12-09,2023,49,5674,PancakeSwap,2.37,2.49,0.050632911392405104
General,2023-12-16,2023,50,5674,PancakeSwap,2.49,2.29,-0.08032128514056232
General,2023-12-23,2023,51,5674,PancakeSwap,2.29,2.9,0.26637554585152834
General,2023-12-30,2023,52,5674,PancakeSwap,2.9,3.52,0.2137931034482759
General,2023-09-30,2023,39,10410,Moonriver,4.01,4.08,0.01745635910224446
General,2023-10-07,2023,40,10410,Moonriver,4.08,4.13,0.01225490196078427
General,2023-10-14,2023,41,10410,Moonriver,4.13,3.85,-0.06779661016949148
General,2023-10-21,2023,42,10410,Moonriver,3.85,3.86,0.002597402597402542
General,2023-10-28,2023,43,10410,Moonriver,3.86,4.33,0.12176165803108814
General,2023-11-04,2023,44,10410,Moonriver,4.33,4.51,0.04157043879907615
General,2023-11-11,2023,45,10410,Moonriver,4.51,5.95,0.31929046563192914
General,2023-11-18,2023,46,10410,Moonriver,5.95,5.75,-0.03361344537815129
General,2023-11-25,2023,47,10410,Moonriver,5.75,6.75,0.17391304347826086
General,2023-12-02,2023,48,10410,Moonriver,6.75,6.87,0.017777777777777795
General,2023-12-09,2023,49,10410,Moonriver,6.87,7.43,0.08151382823871901
General,2023-12-16,2023,50,10410,Moonriver,7.43,6.96,-0.06325706594885595
General,2023-12-23,2023,51,10410,Moonriver,6.96,23.46,2.3706896551724137
General,2023-12-30,2023,52,10410,Moonriver,23.46,27.91,0.18968456947996587
General,2023-09-30,2023,39,1069,Hedera Hashgraph,0.051332,0.0496697,-0.032383308657367826
General,2023-10-07,2023,40,1069,Hedera Hashgraph,0.0496697,0.0482909,-0.027759378454067563
General,2023-10-14,2023,41,1069,Hedera Hashgraph,0.0482909,0.0468687,-0.02945068325502317
General,2023-10-21,2023,42,1069,Hedera Hashgraph,0.0468687,0.0490445,0.046423305958987526
General,2023-10-28,2023,43,1069,Hedera Hashgraph,0.0490445,0.051894,0.0581002966693514
General,2023-11-04,2023,44,1069,Hedera Hashgraph,0.051894,0.055465,0.06881335029097771
General,2023-11-11,2023,45,1069,Hedera Hashgraph,0.055465,0.061972,0.11731722708014061
General,2023-11-18,2023,46,1069,Hedera Hashgraph,0.061972,0.061381,-0.009536564900277565
General,2023-11-25,2023,47,1069,Hedera Hashgraph,0.061381,0.063075,0.02759811668105779
General,2023-12-02,2023,48,1069,Hedera Hashgraph,0.063075,0.062263,-0.012873563218390918
General,2023-12-09,2023,49,1069,Hedera Hashgraph,0.062263,0.075849,0.21820342739668827
General,2023-12-16,2023,50,1069,Hedera Hashgraph,0.075849,0.080598,0.06261124075465732
General,2023-12-23,2023,51,1069,Hedera Hashgraph,0.080598,0.089807,0.11425841832303524
General,2023-12-30,2023,52,1069,Hedera Hashgraph,0.089807,0.086854,-0.03288162392686536
General,2023-09-30,2023,39,10418,The Open Network,2.3,2.13,-0.07391304347826085
General,2023-10-07,2023,40,10418,The Open Network,2.13,2.08,-0.023474178403755788
General,2023-10-14,2023,41,10418,The Open Network,2.08,1.92,-0.07692307692307698
General,2023-10-21,2023,42,10418,The Open Network,1.92,2.16,0.1250000000000001
General,2023-10-28,2023,43,10418,The Open Network,2.16,2.05,-0.05092592592592607
General,2023-11-04,2023,44,10418,The Open Network,2.05,2.23,0.08780487804878058
General,2023-11-11,2023,45,10418,The Open Network,2.23,2.4,0.07623318385650221
General,2023-11-18,2023,46,10418,The Open Network,2.4,2.36,-0.016666666666666684
General,2023-11-25,2023,47,10418,The Open Network,2.36,2.37,0.004237288135593318
General,2023-12-02,2023,48,10418,The Open Network,2.37,2.45,0.03375527426160341
General,2023-12-09,2023,49,10418,The Open Network,2.45,2.35,-0.040816326530612276
General,2023-12-16,2023,50,10418,The Open Network,2.35,2.18,-0.07234042553191486
General,2023-12-23,2023,51,10418,The Open Network,2.18,2.22,0.018348623853211024
General,2023-12-30,2023,52,10418,The Open Network,2.22,2.35,0.05855855855855851
General,2023-09-30,2023,39,1081,Harmony,0.00958328,0.00978477,0.02102516048784971
General,2023-10-07,2023,40,1081,Harmony,0.00978477,0.00938824,-0.04052522440486584
General,2023-10-14,2023,41,1081,Harmony,0.00938824,0.00916999,-0.02324716879841178
General,2023-10-21,2023,42,1081,Harmony,0.00916999,0.00948453,0.03430101886697808
General,2023-10-28,2023,43,1081,Harmony,0.00948453,0.0113176,0.19326946090106742
General,2023-11-04,2023,44,1081,Harmony,0.0113176,0.0130742,0.15520958507103969
General,2023-11-11,2023,45,1081,Harmony,0.0130742,0.0151221,0.15663673494362945
General,2023-11-18,2023,46,1081,Harmony,0.0151221,0.0137695,-0.089445249006421
General,2023-11-25,2023,47,1081,Harmony,0.0137695,0.0135679,-0.014641054504520839
General,2023-12-02,2023,48,1081,Harmony,0.0135679,0.013878,0.022855416092394467
General,2023-12-09,2023,49,1081,Harmony,0.013878,0.0170579,0.22913243983282902
General,2023-12-16,2023,50,1081,Harmony,0.0170579,0.0155152,-0.09043903411322618
General,2023-12-23,2023,51,1081,Harmony,0.0155152,0.018363,0.18354903578426324
General,2023-12-30,2023,52,1081,Harmony,0.018363,0.0192132,0.046299624244404446
General,2023-09-30,2023,39,1210,Matrix AI Network,0.0121884,0.0117067,-0.039521184076663045
General,2023-10-07,2023,40,1210,Matrix AI Network,0.0117067,0.0120616,0.03031597290440517
General,2023-10-14,2023,41,1210,Matrix AI Network,0.0120616,0.0118321,-0.019027326391191927
General,2023-10-21,2023,42,1210,Matrix AI Network,0.0118321,0.0122529,0.03556427007885335
General,2023-10-28,2023,43,1210,Matrix AI Network,0.0122529,0.0172526,0.40804217777016044
General,2023-11-04,2023,44,1210,Matrix AI Network,0.0172526,0.0140081,-0.1880586114556646
General,2023-11-11,2023,45,1210,Matrix AI Network,0.0140081,0.0142351,0.016204910016347666
General,2023-11-18,2023,46,1210,Matrix AI Network,0.0142351,0.0161756,0.13631797458395079
General,2023-11-25,2023,47,1210,Matrix AI Network,0.0161756,0.022872,0.4139815524617326
General,2023-12-02,2023,48,1210,Matrix AI Network,0.022872,0.0276942,0.21083420776495274
General,2023-12-09,2023,49,1210,Matrix AI Network,0.0276942,0.0266651,-0.03715940521842112
General,2023-12-16,2023,50,1210,Matrix AI Network,0.0266651,0.0221248,-0.17027125343613939
General,2023-12-23,2023,51,1210,Matrix AI Network,0.0221248,0.0210596,-0.048145067978015564
General,2023-12-30,2023,52,1210,Matrix AI Network,0.0210596,0.0215596,0.02374214135121277
General,2023-09-24,2023,39,21307,CatKing,1.9797e-11,1.9825e-11,0.0014143557104612362
General,2023-10-01,2023,40,21307,CatKing,1.9825e-11,1.909e-11,-0.0370744010088273
General,2023-10-08,2023,41,21307,CatKing,1.909e-11,1.909e-11,0.0
General,2023-10-15,2023,42,21307,CatKing,1.909e-11,1.909e-11,0.0
General,2023-10-22,2023,43,21307,CatKing,1.909e-11,1.9187e-11,0.005081194342587832
General,2023-10-29,2023,44,21307,CatKing,1.9187e-11,2.113e-11,0.10126648251420224
General,2023-11-05,2023,45,21307,CatKing,2.113e-11,2.113e-11,0.0
General,2023-11-12,2023,46,21307,CatKing,2.113e-11,2.543e-11,0.2035021296734501
General,2023-11-19,2023,47,21307,CatKing,2.543e-11,2.47e-11,-0.028706252457727108
General,2023-11-26,2023,48,21307,CatKing,2.47e-11,2.47e-11,0.0
General,2023-12-03,2023,49,21307,CatKing,2.47e-11,2.47e-11,0.0
General,2023-12-10,2023,50,21307,CatKing,2.47e-11,2.47e-11,0.0
General,2023-12-17,2023,51,21307,CatKing,2.47e-11,2.6326e-11,0.06582995951417003
General,2023-12-24,2023,52,21307,CatKing,2.6326e-11,2.6326e-11,0.0
General,2023-09-30,2023,39,7102,Flow - Dapper Labs,0.447242,0.458809,0.02586295562581343
General,2023-10-07,2023,40,7102,Flow - Dapper Labs,0.458809,0.44612,-0.02765638860615203
General,2023-10-14,2023,41,7102,Flow - Dapper Labs,0.44612,0.432261,-0.03106563256522911
General,2023-10-21,2023,42,7102,Flow - Dapper Labs,0.432261,0.458433,0.06054675300339372
General,2023-10-28,2023,43,7102,Flow - Dapper Labs,0.458433,0.530809,0.1578769416686844
General,2023-11-04,2023,44,7102,Flow - Dapper Labs,0.530809,0.529298,-0.0028465983056050843
General,2023-11-11,2023,45,7102,Flow - Dapper Labs,0.529298,0.664874,0.25614304229375495
General,2023-11-18,2023,46,7102,Flow - Dapper Labs,0.664874,0.672941,0.012133125975748858
General,2023-11-25,2023,47,7102,Flow - Dapper Labs,0.672941,0.678984,0.008979984872373685
General,2023-12-02,2023,48,7102,Flow - Dapper Labs,0.678984,0.6959,0.024913694578959047
General,2023-12-09,2023,49,7102,Flow - Dapper Labs,0.6959,0.864184,0.24182210087656272
General,2023-12-16,2023,50,7102,Flow - Dapper Labs,0.864184,0.798297,-0.07624186515834581
General,2023-12-23,2023,51,7102,Flow - Dapper Labs,0.798297,0.90389,0.13227282577787455
General,2023-12-30,2023,52,7102,Flow - Dapper Labs,0.90389,0.893062,-0.011979333768489472
General,2023-09-30,2023,39,1087,Kava,0.627841,0.631036,0.005088868041430966
General,2023-10-07,2023,40,1087,Kava,0.631036,0.622387,-0.01370603261937515
General,2023-10-14,2023,41,1087,Kava,0.622387,0.588041,-0.0551843145824061
General,2023-10-21,2023,42,1087,Kava,0.588041,0.592109,0.0069178849774079705
General,2023-10-28,2023,43,1087,Kava,0.592109,0.637825,0.07720875717139915
General,2023-11-04,2023,44,1087,Kava,0.637825,0.689948,0.08171990749813826
General,2023-11-11,2023,45,1087,Kava,0.689948,0.825662,0.19670178042403197
General,2023-11-18,2023,46,1087,Kava,0.825662,0.769707,-0.06776986224387216
General,2023-11-25,2023,47,1087,Kava,0.769707,0.788791,0.02479385012738612
General,2023-12-02,2023,48,1087,Kava,0.788791,0.801598,0.01623624001795154
General,2023-12-09,2023,49,1087,Kava,0.801598,0.877326,0.09447129359105189
General,2023-12-16,2023,50,1087,Kava,0.877326,0.812466,-0.07392918937772279
General,2023-12-23,2023,51,1087,Kava,0.812466,0.827618,0.018649395790100685
General,2023-12-30,2023,52,1087,Kava,0.827618,0.87354,0.05548695170960518
General,2023-09-30,2023,39,1090,IoTeX,0.0148753,0.015386,0.03433208069753223
General,2023-10-07,2023,40,1090,IoTeX,0.015386,0.0165846,0.07790198882100617
General,2023-10-14,2023,41,1090,IoTeX,0.0165846,0.0186065,0.12191430604295551
General,2023-10-21,2023,42,1090,IoTeX,0.0186065,0.0180768,-0.02846854593824744
General,2023-10-28,2023,43,1090,IoTeX,0.0180768,0.0229626,0.2702801380775358
General,2023-11-04,2023,44,1090,IoTeX,0.0229626,0.0234708,0.02213164014527973
General,2023-11-11,2023,45,1090,IoTeX,0.0234708,0.0263279,0.12172997937863222
General,2023-11-18,2023,46,1090,IoTeX,0.0263279,0.023561,-0.10509383581675723
General,2023-11-25,2023,47,1090,IoTeX,0.023561,0.0252162,0.07025168711005486
General,2023-12-02,2023,48,1090,IoTeX,0.0252162,0.0268833,0.06611226116544117
General,2023-12-09,2023,49,1090,IoTeX,0.0268833,0.0326832,0.2157436029058934
General,2023-12-16,2023,50,1090,IoTeX,0.0326832,0.043134,0.3197606109560874
General,2023-12-23,2023,51,1090,IoTeX,0.043134,0.052901,0.2264339036490935
General,2023-12-30,2023,52,1090,IoTeX,0.052901,0.050264,-0.04984782896353554
General,2023-09-30,2023,39,6723,Lido DAO,1.49,1.73,0.1610738255033557
General,2023-10-07,2023,40,6723,Lido DAO,1.73,1.56,-0.09826589595375719
General,2023-10-14,2023,41,6723,Lido DAO,1.56,1.61,0.032051282051282076
General,2023-10-21,2023,42,6723,Lido DAO,1.61,1.65,0.024844720496894294
General,2023-10-28,2023,43,6723,Lido DAO,1.65,1.79,0.08484848484848492
General,2023-11-04,2023,44,6723,Lido DAO,1.79,2.03,0.13407821229050265
General,2023-11-11,2023,45,6723,Lido DAO,2.03,2.28,0.12315270935960593
General,2023-11-18,2023,46,6723,Lido DAO,2.28,2.25,-0.013157894736842021
General,2023-11-25,2023,47,6723,Lido DAO,2.25,2.5,0.1111111111111111
General,2023-12-02,2023,48,6723,Lido DAO,2.5,2.42,-0.03200000000000003
General,2023-12-09,2023,49,6723,Lido DAO,2.42,2.35,-0.02892561983471068
General,2023-12-16,2023,50,6723,Lido DAO,2.35,2.17,-0.07659574468085113
General,2023-12-23,2023,51,6723,Lido DAO,2.17,2.33,0.07373271889400929
General,2023-12-30,2023,52,6723,Lido DAO,2.33,2.76,0.18454935622317584
General,2023-09-30,2023,39,1094,Fetch.ai,0.220389,0.222569,0.00989160076047347
General,2023-10-07,2023,40,1094,Fetch.ai,0.222569,0.220553,-0.009057865201353243
General,2023-10-14,2023,41,1094,Fetch.ai,0.220553,0.213664,-0.031235122623587103
General,2023-10-21,2023,42,1094,Fetch.ai,0.213664,0.229046,0.07199153811592036
General,2023-10-28,2023,43,1094,Fetch.ai,0.229046,0.351459,0.5344472289409116
General,2023-11-04,2023,44,1094,Fetch.ai,0.351459,0.356538,0.014451187763010763
General,2023-11-11,2023,45,1094,Fetch.ai,0.356538,0.434029,0.21734289192175862
General,2023-11-18,2023,46,1094,Fetch.ai,0.434029,0.459342,0.05832098776809839
General,2023-11-25,2023,47,1094,Fetch.ai,0.459342,0.528442,0.1504325752924836
General,2023-12-02,2023,48,1094,Fetch.ai,0.528442,0.554812,0.04990140829078689
General,2023-12-09,2023,49,1094,Fetch.ai,0.554812,0.522282,-0.05863247370280374
General,2023-12-16,2023,50,1094,Fetch.ai,0.522282,0.647724,0.24018059209392614
General,2023-12-23,2023,51,1094,Fetch.ai,0.647724,0.743581,0.1479905021274495
General,2023-12-30,2023,52,1094,Fetch.ai,0.743581,0.690926,-0.07081272921174694
General,2023-09-30,2023,39,18126,Optimism,1.29,1.36,0.054263565891472916
General,2023-10-07,2023,40,18126,Optimism,1.36,1.28,-0.058823529411764754
General,2023-10-14,2023,41,18126,Optimism,1.28,1.2,-0.06250000000000006
General,2023-10-21,2023,42,18126,Optimism,1.2,1.28,0.06666666666666674
General,2023-10-28,2023,43,18126,Optimism,1.28,1.38,0.07812499999999989
General,2023-11-04,2023,44,18126,Optimism,1.38,1.47,0.0652173913043479
General,2023-11-11,2023,45,18126,Optimism,1.47,1.71,0.16326530612244897
General,2023-11-18,2023,46,18126,Optimism,1.71,1.75,0.0233918128654971
General,2023-11-25,2023,47,18126,Optimism,1.75,1.77,0.011428571428571439
General,2023-12-02,2023,48,18126,Optimism,1.77,1.74,-0.016949152542372895
General,2023-12-09,2023,49,18126,Optimism,1.74,2.05,0.17816091954022978
General,2023-12-16,2023,50,18126,Optimism,2.05,2.21,0.07804878048780495
General,2023-12-23,2023,51,18126,Optimism,2.21,3.29,0.4886877828054299
General,2023-12-30,2023,52,18126,Optimism,3.29,3.66,0.11246200607902739
General,2023-09-30,2023,39,15951,BitTorrent,3.82794e-07,3.87967e-07,0.013513795932015694
General,2023-10-07,2023,40,15951,BitTorrent,3.87967e-07,3.81087e-07,-0.017733467021679727
General,2023-10-14,2023,41,15951,BitTorrent,3.81087e-07,3.68481e-07,-0.03307906068692976
General,2023-10-21,2023,42,15951,BitTorrent,3.68481e-07,3.79397e-07,0.029624322556658252
General,2023-10-28,2023,43,15951,BitTorrent,3.79397e-07,4.03022e-07,0.062269865075369676
General,2023-11-04,2023,44,15951,BitTorrent,4.03022e-07,4.55482e-07,0.13016659140195816
General,2023-11-11,2023,45,15951,BitTorrent,4.55482e-07,4.83861e-07,0.062305425900474706
General,2023-11-18,2023,46,15951,BitTorrent,4.83861e-07,4.93222e-07,0.019346465203849757
General,2023-11-25,2023,47,15951,BitTorrent,4.93222e-07,4.63838e-07,-0.05957560692750925
General,2023-12-02,2023,48,15951,BitTorrent,4.63838e-07,4.77962e-07,0.03045028652244971
General,2023-12-09,2023,49,15951,BitTorrent,4.77962e-07,9.64705e-07,1.0183717534029901
General,2023-12-16,2023,50,15951,BitTorrent,9.64705e-07,1.25e-06,0.2957328924386213
General,2023-12-23,2023,51,15951,BitTorrent,1.25e-06,1.13e-06,-0.09600000000000009
General,2023-12-30,2023,52,15951,BitTorrent,1.13e-06,1.18e-06,0.04424778761061942
General,2023-09-30,2023,39,4688,Polkadot,4.02,4.11,0.022388059701492727
General,2023-10-07,2023,40,4688,Polkadot,4.11,4.06,-0.012165450121654674
General,2023-10-14,2023,41,4688,Polkadot,4.06,3.74,-0.07881773399014765
General,2023-10-21,2023,42,4688,Polkadot,3.74,3.91,0.045454545454545435
General,2023-10-28,2023,43,4688,Polkadot,3.91,4.18,0.06905370843989758
General,2023-11-04,2023,44,4688,Polkadot,4.18,4.66,0.11483253588516758
General,2023-11-11,2023,45,4688,Polkadot,4.66,5.61,0.20386266094420605
General,2023-11-18,2023,46,4688,Polkadot,5.61,5.25,-0.06417112299465245
General,2023-11-25,2023,47,4688,Polkadot,5.25,5.33,0.015238095238095252
General,2023-12-02,2023,48,4688,Polkadot,5.33,5.57,0.04502814258911824
General,2023-12-09,2023,49,4688,Polkadot,5.57,7.23,0.29802513464991026
General,2023-12-16,2023,50,4688,Polkadot,7.23,7.06,-0.02351313969571242
General,2023-12-23,2023,51,4688,Polkadot,7.06,8.03,0.13739376770538242
General,2023-12-30,2023,52,4688,Polkadot,8.03,8.31,0.03486924034869255
General,2023-09-30,2023,39,978,Ethereum,1593.42,1680.29,0.05451795509030882
General,2023-10-07,2023,40,978,Ethereum,1680.29,1633.8,-0.027667843050901933
General,2023-10-14,2023,41,978,Ethereum,1633.8,1555.48,-0.04793732402986898
General,2023-10-21,2023,42,978,Ethereum,1555.48,1630.49,0.048223056548460916
General,2023-10-28,2023,43,978,Ethereum,1630.49,1779.59,0.09144490306594945
General,2023-11-04,2023,44,978,Ethereum,1779.59,1839.52,0.033676296225535134
General,2023-11-11,2023,45,978,Ethereum,1839.52,2058.34,0.1189549447682005
General,2023-11-18,2023,46,978,Ethereum,2058.34,1964.36,-0.04565815171448849
General,2023-11-25,2023,47,978,Ethereum,1964.36,2084.18,0.06099696593292469
General,2023-12-02,2023,48,978,Ethereum,2084.18,2155.86,0.034392422919325726
General,2023-12-09,2023,49,978,Ethereum,2155.86,2353.78,0.09180559034445654
General,2023-12-16,2023,50,978,Ethereum,2353.78,2236.66,-0.04975826117988951
General,2023-12-23,2023,51,978,Ethereum,2236.66,2290.92,0.024259386764193137
General,2023-12-30,2023,52,978,Ethereum,2290.92,2300.18,0.004042044244233654
General,2023-09-30,2023,39,979,XRP,0.508788,0.517848,0.01780702375056007
General,2023-10-07,2023,40,979,XRP,0.517848,0.52164,0.00732261204059882
General,2023-10-14,2023,41,979,XRP,0.52164,0.486098,-0.06813511233801092
General,2023-10-21,2023,42,979,XRP,0.486098,0.521949,0.07375261778489116
General,2023-10-28,2023,43,979,XRP,0.521949,0.546947,0.04789356814554672
General,2023-11-04,2023,44,979,XRP,0.546947,0.613305,0.12132436963727752
General,2023-11-11,2023,45,979,XRP,0.613305,0.667858,0.08894921776277702
General,2023-11-18,2023,46,979,XRP,0.667858,0.612181,-0.08336652402157342
General,2023-11-25,2023,47,979,XRP,0.612181,0.619912,0.012628618006766044
General,2023-12-02,2023,48,979,XRP,0.619912,0.620168,0.0004129618397450509
General,2023-12-09,2023,49,979,XRP,0.620168,0.671722,0.0831290876020691
General,2023-12-16,2023,50,979,XRP,0.671722,0.619764,-0.07735045152607783
General,2023-12-23,2023,51,979,XRP,0.619764,0.618069,-0.002734911998760822
General,2023-12-30,2023,52,979,XRP,0.618069,0.624151,0.009840325271126738
General,2023-09-30,2023,39,981,Litecoin,65.02,66.4,0.021224238695786064
General,2023-10-07,2023,40,981,Litecoin,66.4,65.28,-0.01686746987951814
General,2023-10-14,2023,41,981,Litecoin,65.28,61.83,-0.052849264705882394
General,2023-10-21,2023,42,981,Litecoin,61.83,64.72,0.04674106420831313
General,2023-10-28,2023,43,981,Litecoin,64.72,67.86,0.0485166872682324
General,2023-11-04,2023,44,981,Litecoin,67.86,69.06,0.01768346595932807
General,2023-11-11,2023,45,981,Litecoin,69.06,75.79,0.09745149145670437
General,2023-11-18,2023,46,981,Litecoin,75.79,70.02,-0.0761314157540574
General,2023-11-25,2023,47,981,Litecoin,70.02,71.52,0.021422450728363327
General,2023-12-02,2023,48,981,Litecoin,71.52,72.44,0.012863534675615237
General,2023-12-09,2023,49,981,Litecoin,72.44,76.88,0.06129210381004967
General,2023-12-16,2023,50,981,Litecoin,76.88,71.97,-0.0638657648283038
General,2023-12-23,2023,51,981,Litecoin,71.97,72.33,0.0050020842017507216
General,2023-12-30,2023,52,981,Litecoin,72.33,73.15,0.011336927969030934
General,2023-09-30,2023,39,2391,Klaytn,0.111267,0.115821,0.04092857720617962
General,2023-10-07,2023,40,2391,Klaytn,0.115821,0.118101,0.01968554925272623
General,2023-10-14,2023,41,2391,Klaytn,0.118101,0.129529,0.09676463366101902
General,2023-10-21,2023,42,2391,Klaytn,0.129529,0.124458,-0.039149534081171056
General,2023-10-28,2023,43,2391,Klaytn,0.124458,0.1313,0.05497436886339167
General,2023-11-04,2023,44,2391,Klaytn,0.1313,0.137542,0.04753998476770752
General,2023-11-11,2023,45,2391,Klaytn,0.137542,0.149252,0.08513763068735367
General,2023-11-18,2023,46,2391,Klaytn,0.149252,0.170365,0.14145874092139465
General,2023-11-25,2023,47,2391,Klaytn,0.170365,0.221586,0.3006544771519973
General,2023-12-02,2023,48,2391,Klaytn,0.221586,0.194191,-0.12363145686099303
General,2023-12-09,2023,49,2391,Klaytn,0.194191,0.245934,0.26645416110942327
General,2023-12-16,2023,50,2391,Klaytn,0.245934,0.255927,0.040632852716582506
General,2023-12-23,2023,51,2391,Klaytn,0.255927,0.240892,-0.05874722088720619
General,2023-12-30,2023,52,2391,Klaytn,0.240892,0.2332,-0.03193132192019662
General,2023-09-30,2023,39,984,TRON,0.083762,0.088888,0.06119720159499524
General,2023-10-07,2023,40,984,TRON,0.088888,0.087847,-0.01171136711367114
General,2023-10-14,2023,41,984,TRON,0.087847,0.085284,-0.029175725978121007
General,2023-10-21,2023,42,984,TRON,0.085284,0.09158,0.07382392945921856
General,2023-10-28,2023,43,984,TRON,0.09158,0.094581,0.032769163572832535
General,2023-11-04,2023,44,984,TRON,0.094581,0.097466,0.030502955138981387
General,2023-11-11,2023,45,984,TRON,0.097466,0.108284,0.11099255124864064
General,2023-11-18,2023,46,984,TRON,0.108284,0.102922,-0.04951793432086001
General,2023-11-25,2023,47,984,TRON,0.102922,0.106273,0.03255863663745367
General,2023-12-02,2023,48,984,TRON,0.106273,0.103282,-0.028144495779737162
General,2023-12-09,2023,49,984,TRON,0.103282,0.107418,0.0400457001219961
General,2023-12-16,2023,50,984,TRON,0.107418,0.102375,-0.04694743897670787
General,2023-12-23,2023,51,984,TRON,0.102375,0.106633,0.04159218559218571
General,2023-12-30,2023,52,984,TRON,0.106633,0.1059,-0.006874044620333399
General,2023-09-30,2023,39,345,Binance Coin,210.4,215.58,0.024619771863117902
General,2023-10-07,2023,40,345,Binance Coin,215.58,211.89,-0.017116615641525307
General,2023-10-14,2023,41,345,Binance Coin,211.89,206.36,-0.02609844730756512
General,2023-10-21,2023,42,345,Binance Coin,206.36,214.71,0.04046326807520834
General,2023-10-28,2023,43,345,Binance Coin,214.71,225.99,0.05253597876205114
General,2023-11-04,2023,44,345,Binance Coin,225.99,236.34,0.04579848665870168
General,2023-11-11,2023,45,345,Binance Coin,236.34,252.47,0.06824913260556822
General,2023-11-18,2023,46,345,Binance Coin,252.47,244.53,-0.031449281102705264
General,2023-11-25,2023,47,345,Binance Coin,244.53,233.53,-0.0449842555105713
General,2023-12-02,2023,48,345,Binance Coin,233.53,229.83,-0.015843788806577264
General,2023-12-09,2023,49,345,Binance Coin,229.83,239.24,0.040943305921768244
General,2023-12-16,2023,50,345,Binance Coin,239.24,245.3,0.025330212339073743
General,2023-12-23,2023,51,345,Binance Coin,245.3,271.03,0.1048919690175294
General,2023-12-30,2023,52,345,Binance Coin,271.03,314.97,0.1621222742869795
General,2023-09-30,2023,39,985,Tezos,0.66159,0.684535,0.034681600386946586
General,2023-10-07,2023,40,985,Tezos,0.684535,0.67468,-0.014396634211545148
General,2023-10-14,2023,41,985,Tezos,0.67468,0.654051,-0.030575976759352433
General,2023-10-21,2023,42,985,Tezos,0.654051,0.665798,0.017960373120750446
General,2023-10-28,2023,43,985,Tezos,0.665798,0.731069,0.09803423861291258
General,2023-11-04,2023,44,985,Tezos,0.731069,0.776272,0.061831372962059664
General,2023-11-11,2023,45,985,Tezos,0.776272,0.91035,0.17272038666859044
General,2023-11-18,2023,46,985,Tezos,0.91035,0.835865,-0.08182017905201298
General,2023-11-25,2023,47,985,Tezos,0.835865,0.836468,0.0007214083613980969
General,2023-12-02,2023,48,985,Tezos,0.836468,0.870769,0.04100694826341238
General,2023-12-09,2023,49,985,Tezos,0.870769,0.982807,0.1286655818018326
General,2023-12-16,2023,50,985,Tezos,0.982807,0.942565,-0.04094598430821107
General,2023-12-23,2023,51,985,Tezos,0.942565,0.987171,0.04732405722682259
General,2023-12-30,2023,52,985,Tezos,0.987171,1.017,0.030216649395089487
General,2023-09-30,2023,39,986,Monero,142.62,147.01,0.03078109662038975
General,2023-10-07,2023,40,986,Monero,147.01,154.47,0.05074484728930011
General,2023-10-14,2023,41,986,Monero,154.47,152.07,-0.015536997475237947
General,2023-10-21,2023,42,986,Monero,152.07,157.25,0.03406326034063265
General,2023-10-28,2023,43,986,Monero,157.25,162.33,0.03230524642289356
General,2023-11-04,2023,44,986,Monero,162.33,167.46,0.031602291628164816
General,2023-11-11,2023,45,986,Monero,167.46,169.41,0.011644571838050809
General,2023-11-18,2023,46,986,Monero,169.41,160.28,-0.05389292249572042
General,2023-11-25,2023,47,986,Monero,160.28,172.05,0.07343399051659602
General,2023-12-02,2023,48,986,Monero,172.05,173.26,0.007032839290903687
General,2023-12-09,2023,49,986,Monero,173.26,175.7,0.014082881218977248
General,2023-12-16,2023,50,986,Monero,175.7,168.75,-0.03955606146841201
General,2023-12-23,2023,51,986,Monero,168.75,177.96,0.05457777777777782
General,2023-12-30,2023,52,986,Monero,177.96,165.56,-0.06967857945605757
General,2023-09-30,2023,39,983,Stellar,0.113993,0.112772,-0.010711184020071407
General,2023-10-07,2023,40,983,Stellar,0.112772,0.110968,-0.015996878657822865
General,2023-10-14,2023,41,983,Stellar,0.110968,0.103906,-0.06363996827914353
General,2023-10-21,2023,42,983,Stellar,0.103906,0.111092,0.06915866263738377
General,2023-10-28,2023,43,983,Stellar,0.111092,0.113619,0.022746912468944672
General,2023-11-04,2023,44,983,Stellar,0.113619,0.122621,0.07922970629912247
General,2023-11-11,2023,45,983,Stellar,0.122621,0.125884,0.026610450086037483
General,2023-11-18,2023,46,983,Stellar,0.125884,0.119053,-0.05426424327158328
General,2023-11-25,2023,47,983,Stellar,0.119053,0.119985,0.007828446154233731
General,2023-12-02,2023,48,983,Stellar,0.119985,0.121376,0.011593115806142463
General,2023-12-09,2023,49,983,Stellar,0.121376,0.134717,0.10991464539942003
General,2023-12-16,2023,50,983,Stellar,0.134717,0.124185,-0.078178700535196
General,2023-12-23,2023,51,983,Stellar,0.124185,0.126455,0.01827918025526439
General,2023-12-30,2023,52,983,Stellar,0.126455,0.133472,0.055490095290814875
General,2023-09-30,2023,39,988,OKB,42.7,43.07,0.0086651053864168
General,2023-10-07,2023,40,988,OKB,43.07,42.87,-0.004643603436266608
General,2023-10-14,2023,41,988,OKB,42.87,43.33,0.010730114299043641
General,2023-10-21,2023,42,988,OKB,43.33,43.68,0.008077544426494379
General,2023-10-28,2023,43,988,OKB,43.68,44.98,0.029761904761904698
General,2023-11-04,2023,44,988,OKB,44.98,46.33,0.030013339261894208
General,2023-11-11,2023,45,988,OKB,46.33,61.26,0.3222533995251457
General,2023-11-18,2023,46,988,OKB,61.26,57.28,-0.06496898465556639
General,2023-11-25,2023,47,988,OKB,57.28,58.15,0.015188547486033474
General,2023-12-02,2023,48,988,OKB,58.15,58.37,0.0037833190025795163
General,2023-12-09,2023,49,988,OKB,58.37,57.34,-0.017646051053623334
General,2023-12-16,2023,50,988,OKB,57.34,58.16,0.01430066271363783
General,2023-12-23,2023,51,988,OKB,58.16,55.46,-0.04642365887207696
General,2023-12-30,2023,52,988,OKB,55.46,55.11,-0.006310854670032481
General,2023-09-30,2023,39,1118,VeThor Token,0.00114297,0.00115948,0.014444823573672065
General,2023-10-07,2023,40,1118,VeThor Token,0.00115948,0.00117266,0.011367164591023568
General,2023-10-14,2023,41,1118,VeThor Token,0.00117266,0.00111124,-0.05237664796275132
General,2023-10-21,2023,42,1118,VeThor Token,0.00111124,0.00109937,-0.01068176091573395
General,2023-10-28,2023,43,1118,VeThor Token,0.00109937,0.0012371,0.12528084266443526
General,2023-11-04,2023,44,1118,VeThor Token,0.0012371,0.00134803,0.08966938808503756
General,2023-11-11,2023,45,1118,VeThor Token,0.00134803,0.00150798,0.11865462934801142
General,2023-11-18,2023,46,1118,VeThor Token,0.00150798,0.00133355,-0.1156712953752702
General,2023-11-25,2023,47,1118,VeThor Token,0.00133355,0.00137958,0.03451689100521171
General,2023-12-02,2023,48,1118,VeThor Token,0.00137958,0.00152802,0.10759796459792104
General,2023-12-09,2023,49,1118,VeThor Token,0.00152802,0.00177161,0.15941545267732107
General,2023-12-16,2023,50,1118,VeThor Token,0.00177161,0.00230852,0.30306331528948244
General,2023-12-23,2023,51,1118,VeThor Token,0.00230852,0.00244343,0.05844003950583049
General,2023-12-30,2023,52,1118,VeThor Token,0.00244343,0.00240109,-0.01732810025251392
General,2023-09-30,2023,39,987,LEO Token,3.84,3.68,-0.04166666666666659
General,2023-10-07,2023,40,987,LEO Token,3.68,3.85,0.04619565217391302
General,2023-10-14,2023,41,987,LEO Token,3.85,3.76,-0.023376623376623454
General,2023-10-21,2023,42,987,LEO Token,3.76,3.86,0.02659574468085109
General,2023-10-28,2023,43,987,LEO Token,3.86,3.96,0.02590673575129536
General,2023-11-04,2023,44,987,LEO Token,3.96,3.97,0.0025252525252525836
General,2023-11-11,2023,45,987,LEO Token,3.97,4.1,0.03274559193954646
General,2023-11-18,2023,46,987,LEO Token,4.1,4.08,-0.004878048780487702
General,2023-11-25,2023,47,987,LEO Token,4.08,3.98,-0.024509803921568648
General,2023-12-02,2023,48,987,LEO Token,3.98,3.97,-0.002512562814070298
General,2023-12-09,2023,49,987,LEO Token,3.97,3.8,-0.042821158690176414
General,2023-12-16,2023,50,987,LEO Token,3.8,3.75,-0.01315789473684206
General,2023-12-23,2023,51,987,LEO Token,3.75,3.93,0.04800000000000004
General,2023-12-30,2023,52,987,LEO Token,3.93,3.96,0.007633587786259492
General,2023-09-30,2023,39,4696,Curve DAO Token,0.474632,0.524567,0.10520782416693356
General,2023-10-07,2023,40,4696,Curve DAO Token,0.524567,0.470178,-0.10368360952938332
General,2023-10-14,2023,41,4696,Curve DAO Token,0.470178,0.441078,-0.061891453874915375
General,2023-10-21,2023,42,4696,Curve DAO Token,0.441078,0.43917,-0.004325765510862071
General,2023-10-28,2023,43,4696,Curve DAO Token,0.43917,0.482446,0.09854042853564675
General,2023-11-04,2023,44,4696,Curve DAO Token,0.482446,0.546574,0.13292264833784512
General,2023-11-11,2023,45,4696,Curve DAO Token,0.546574,0.631547,0.15546476780820156
General,2023-11-18,2023,46,4696,Curve DAO Token,0.631547,0.560428,-0.11261077956193274
General,2023-11-25,2023,47,4696,Curve DAO Token,0.560428,0.596324,0.064051046700022
General,2023-12-02,2023,48,4696,Curve DAO Token,0.596324,0.602725,0.01073409757111904
General,2023-12-09,2023,49,4696,Curve DAO Token,0.602725,0.674175,0.11854494172300804
General,2023-12-16,2023,50,4696,Curve DAO Token,0.674175,0.638371,-0.053107872585011234
General,2023-12-23,2023,51,4696,Curve DAO Token,0.638371,0.619387,-0.02973819299435595
General,2023-12-30,2023,52,4696,Curve DAO Token,0.619387,0.622368,0.004812823000805653
General,2023-09-30,2023,39,994,VeChain,0.0169981,0.0173583,0.021190603655702786
General,2023-10-07,2023,40,994,VeChain,0.0173583,0.016978,-0.021908827477345138
General,2023-10-14,2023,41,994,VeChain,0.016978,0.016424,-0.03263046295205554
General,2023-10-21,2023,42,994,VeChain,0.016424,0.0170757,0.03967973697028727
General,2023-10-28,2023,43,994,VeChain,0.0170757,0.0190553,0.11593082567625349
General,2023-11-04,2023,44,994,VeChain,0.0190553,0.019928,0.0457982818428469
General,2023-11-11,2023,45,994,VeChain,0.019928,0.0224753,0.1278251706142111
General,2023-11-18,2023,46,994,VeChain,0.0224753,0.0210035,-0.06548522155432848
General,2023-11-25,2023,47,994,VeChain,0.0210035,0.0217409,0.035108434308567575
General,2023-12-02,2023,48,994,VeChain,0.0217409,0.0231197,0.06341963764149595
General,2023-12-09,2023,49,994,VeChain,0.0231197,0.0274116,0.1856382219492468
General,2023-12-16,2023,50,994,VeChain,0.0274116,0.0303618,0.10762596856805148
General,2023-12-23,2023,51,994,VeChain,0.0303618,0.0355406,0.17056959732295177
General,2023-12-30,2023,52,994,VeChain,0.0355406,0.0362504,0.019971525522923177
General,2023-09-30,2023,39,995,Ontology,0.174195,0.172001,-0.01259508022618331
General,2023-10-07,2023,40,995,Ontology,0.172001,0.167539,-0.02594170964122298
General,2023-10-14,2023,41,995,Ontology,0.167539,0.16238,-0.030792830326073314
General,2023-10-21,2023,42,995,Ontology,0.16238,0.172682,0.06344377386377636
General,2023-10-28,2023,43,995,Ontology,0.172682,0.210749,0.22044567470842352
General,2023-11-04,2023,44,995,Ontology,0.210749,0.222836,0.057352585302895935
General,2023-11-11,2023,45,995,Ontology,0.222836,0.238941,0.07227288229908982
General,2023-11-18,2023,46,995,Ontology,0.238941,0.21994,-0.07952172293578746
General,2023-11-25,2023,47,995,Ontology,0.21994,0.219175,-0.003478221333090788
General,2023-12-02,2023,48,995,Ontology,0.219175,0.227603,0.03845329074940112
General,2023-12-09,2023,49,995,Ontology,0.227603,0.246778,0.08424757142919907
General,2023-12-16,2023,50,995,Ontology,0.246778,0.233277,-0.05470909076173721
General,2023-12-23,2023,51,995,Ontology,0.233277,0.24017,0.029548562438645825
General,2023-12-30,2023,52,995,Ontology,0.24017,0.243635,0.014427280676187683
General,2023-09-30,2023,39,996,Maker,1283.82,1539.14,0.198875231730305
General,2023-10-07,2023,40,996,Maker,1539.14,1401.39,-0.08949803136816663
General,2023-10-14,2023,41,996,Maker,1401.39,1413.27,0.008477297540299189
General,2023-10-21,2023,42,996,Maker,1413.27,1433.54,0.014342623843992996
General,2023-10-28,2023,43,996,Maker,1433.54,1439.99,0.0044993512563305145
General,2023-11-04,2023,44,996,Maker,1439.99,1329.98,-0.07639636386363793
General,2023-11-11,2023,45,996,Maker,1329.98,1292.69,-0.028038015609257255
General,2023-11-18,2023,46,996,Maker,1292.69,1360.54,0.05248744865358276
General,2023-11-25,2023,47,996,Maker,1360.54,1450.1,0.06582680406309256
General,2023-12-02,2023,48,996,Maker,1450.1,1539.17,0.06142335011378537
General,2023-12-09,2023,49,996,Maker,1539.17,1432.67,-0.06919313656061384
General,2023-12-16,2023,50,996,Maker,1432.67,1323.27,-0.07636092051903096
General,2023-12-23,2023,51,996,Maker,1323.27,1380.68,0.04338494789423178
General,2023-12-30,2023,52,996,Maker,1380.68,1588.82,0.15075180345916495
General,2023-09-30,2023,39,4708,SAND,0.301049,0.312223,0.03711688130503659
General,2023-10-07,2023,40,4708,SAND,0.312223,0.300038,-0.03902659317218766
General,2023-10-14,2023,41,4708,SAND,0.300038,0.289224,-0.0360421013338312
General,2023-10-21,2023,42,4708,SAND,0.289224,0.308499,0.06664384698365296
General,2023-10-28,2023,43,4708,SAND,0.308499,0.331084,0.07320931348237746
General,2023-11-04,2023,44,4708,SAND,0.331084,0.36713,0.10887267279602766
General,2023-11-11,2023,45,4708,SAND,0.36713,0.443585,0.2082504834799662
General,2023-11-18,2023,46,4708,SAND,0.443585,0.403431,-0.09052154603965423
General,2023-11-25,2023,47,4708,SAND,0.403431,0.428797,0.06287568382201665
General,2023-12-02,2023,48,4708,SAND,0.428797,0.431608,0.0065555495957294665
General,2023-12-09,2023,49,4708,SAND,0.431608,0.52434,0.21485236603584743
General,2023-12-16,2023,50,4708,SAND,0.52434,0.519088,-0.010016401571499474
General,2023-12-23,2023,51,4708,SAND,0.519088,0.530873,0.022703279598064386
General,2023-12-30,2023,52,4708,SAND,0.530873,0.580164,0.09284894880696508
General,2023-09-30,2023,39,998,Dogecoin,0.06156,0.062367,0.013109161793372355
General,2023-10-07,2023,40,998,Dogecoin,0.062367,0.061257,-0.01779787387560729
General,2023-10-14,2023,41,998,Dogecoin,0.061257,0.059535,-0.028111073020226283
General,2023-10-21,2023,42,998,Dogecoin,0.059535,0.061125,0.02670697908793149
General,2023-10-28,2023,43,998,Dogecoin,0.061125,0.068973,0.12839263803680995
General,2023-11-04,2023,44,998,Dogecoin,0.068973,0.068396,-0.008365592333231961
General,2023-11-11,2023,45,998,Dogecoin,0.068396,0.080219,0.17286098602257444
General,2023-11-18,2023,46,998,Dogecoin,0.080219,0.080945,0.009050225009037814
General,2023-11-25,2023,47,998,Dogecoin,0.080945,0.078447,-0.030860460806720613
General,2023-12-02,2023,48,998,Dogecoin,0.078447,0.085794,0.09365558912386697
General,2023-12-09,2023,49,998,Dogecoin,0.085794,0.099942,0.16490663682775028
General,2023-12-16,2023,50,998,Dogecoin,0.099942,0.095668,-0.042764803586079925
General,2023-12-23,2023,51,998,Dogecoin,0.095668,0.092932,-0.028598904544884417
General,2023-12-30,2023,52,998,Dogecoin,0.092932,0.090406,-0.027181164722592868
General,2023-09-30,2023,39,18408,Kaspa,0.0452407,0.0486903,0.07624992539903222
General,2023-10-07,2023,40,18408,Kaspa,0.0486903,0.0495285,0.017214927819298797
General,2023-10-14,2023,41,18408,Kaspa,0.0495285,0.0425468,-0.14096328376591255
General,2023-10-21,2023,42,18408,Kaspa,0.0425468,0.051011,0.19893858057480227
General,2023-10-28,2023,43,18408,Kaspa,0.051011,0.050834,-0.0034698398384662827
General,2023-11-04,2023,44,18408,Kaspa,0.050834,0.059363,0.16778140614549322
General,2023-11-11,2023,45,18408,Kaspa,0.059363,0.089542,0.5083806411401041
General,2023-11-18,2023,46,18408,Kaspa,0.089542,0.141273,0.5777288870027475
General,2023-11-25,2023,47,18408,Kaspa,0.141273,0.13716,-0.029113843409568744
General,2023-12-02,2023,48,18408,Kaspa,0.13716,0.138985,0.013305628463108728
General,2023-12-09,2023,49,18408,Kaspa,0.138985,0.129078,-0.07128107349713997
General,2023-12-16,2023,50,18408,Kaspa,0.129078,0.117667,-0.0884039108136166
General,2023-12-23,2023,51,18408,Kaspa,0.117667,0.109487,-0.06951821666227569
General,2023-12-30,2023,52,18408,Kaspa,0.109487,0.11756,0.0737347812982363
General,2023-09-30,2023,39,621,Cardano,0.245814,0.254013,0.03335448753935896
General,2023-10-07,2023,40,621,Cardano,0.254013,0.257848,0.015097652482353395
General,2023-10-14,2023,41,621,Cardano,0.257848,0.246784,-0.042909000651546715
General,2023-10-21,2023,42,621,Cardano,0.246784,0.260137,0.05410804590248964
General,2023-10-28,2023,43,621,Cardano,0.260137,0.291208,0.11944090998204798
General,2023-11-04,2023,44,621,Cardano,0.291208,0.325428,0.1175105079530781
General,2023-11-11,2023,45,621,Cardano,0.325428,0.38508,0.18330321914524866
General,2023-11-18,2023,46,621,Cardano,0.38508,0.373774,-0.02936013295938502
General,2023-11-25,2023,47,621,Cardano,0.373774,0.394061,0.054276113373321846
General,2023-12-02,2023,48,621,Cardano,0.394061,0.394903,0.002136725024805828
General,2023-12-09,2023,49,621,Cardano,0.394903,0.591244,0.4971879170327903
General,2023-12-16,2023,50,621,Cardano,0.591244,0.613291,0.03728917333621997
General,2023-12-23,2023,51,621,Cardano,0.613291,0.603224,-0.01641471992903866
General,2023-12-30,2023,52,621,Cardano,0.603224,0.604204,0.0016246037956049177
General,2023-09-30,2023,39,5613,Aave,62.78,67.78,0.07964319847085059
General,2023-10-07,2023,40,5613,Aave,67.78,66.83,-0.014015933903806474
General,2023-10-14,2023,41,5613,Aave,66.83,64.45,-0.0356127487655244
General,2023-10-21,2023,42,5613,Aave,64.45,69.26,0.07463149728471687
General,2023-10-28,2023,43,5613,Aave,69.26,80.12,0.15680046202714407
General,2023-11-04,2023,44,5613,Aave,80.12,89.19,0.11320519221168239
General,2023-11-11,2023,45,5613,Aave,89.19,97.54,0.09362036102702107
General,2023-11-18,2023,46,5613,Aave,97.54,87.75,-0.10036907935206076
General,2023-11-25,2023,47,5613,Aave,87.75,99.3,0.1316239316239316
General,2023-12-02,2023,48,5613,Aave,99.3,103.42,0.041490433031218577
General,2023-12-09,2023,49,5613,Aave,103.42,99.42,-0.03867723844517501
General,2023-12-16,2023,50,5613,Aave,99.42,104.93,0.055421444377388905
General,2023-12-23,2023,51,5613,Aave,104.93,98.52,-0.06108834461069294
General,2023-12-30,2023,52,5613,Aave,98.52,112.4,0.1408850994721885
General,2023-09-30,2023,39,1005,Synthetix Network Token,2.0,2.1,0.050000000000000044
General,2023-10-07,2023,40,1005,Synthetix Network Token,2.1,2.01,-0.042857142857142996
General,2023-10-14,2023,41,1005,Synthetix Network Token,2.01,1.86,-0.07462686567164165
General,2023-10-21,2023,42,1005,Synthetix Network Token,1.86,2.08,0.1182795698924731
General,2023-10-28,2023,43,1005,Synthetix Network Token,2.08,2.32,0.11538461538461527
General,2023-11-04,2023,44,1005,Synthetix Network Token,2.32,2.39,0.030172413793103574
General,2023-11-11,2023,45,1005,Synthetix Network Token,2.39,2.72,0.1380753138075314
General,2023-11-18,2023,46,1005,Synthetix Network Token,2.72,2.93,0.07720588235294115
General,2023-11-25,2023,47,1005,Synthetix Network Token,2.93,3.65,0.24573378839590435
General,2023-12-02,2023,48,1005,Synthetix Network Token,3.65,3.63,-0.005479452054794526
General,2023-12-09,2023,49,1005,Synthetix Network Token,3.63,3.8,0.046831955922864994
General,2023-12-16,2023,50,1005,Synthetix Network Token,3.8,4.09,0.07631578947368423
General,2023-12-23,2023,51,1005,Synthetix Network Token,4.09,4.05,-0.009779951100244507
General,2023-12-30,2023,52,1005,Synthetix Network Token,4.05,3.86,-0.04691358024691357
General,2023-09-30,2023,39,1006,Waves,1.57,1.56,-0.006369426751592362
General,2023-10-07,2023,40,1006,Waves,1.56,1.54,-0.012820512820512832
General,2023-10-14,2023,41,1006,Waves,1.54,1.49,-0.03246753246753249
General,2023-10-21,2023,42,1006,Waves,1.49,1.53,0.02684563758389264
General,2023-10-28,2023,43,1006,Waves,1.53,1.77,0.1568627450980392
General,2023-11-04,2023,44,1006,Waves,1.77,1.85,0.04519774011299439
General,2023-11-11,2023,45,1006,Waves,1.85,2.21,0.19459459459459452
General,2023-11-18,2023,46,1006,Waves,2.21,2.2,-0.0045248868778279576
General,2023-11-25,2023,47,1006,Waves,2.2,2.16,-0.018181818181818195
General,2023-12-02,2023,48,1006,Waves,2.16,2.19,0.013888888888888798
General,2023-12-09,2023,49,1006,Waves,2.19,2.46,0.12328767123287672
General,2023-12-16,2023,50,1006,Waves,2.46,2.35,-0.0447154471544715
General,2023-12-23,2023,51,1006,Waves,2.35,2.73,0.16170212765957442
General,2023-12-30,2023,52,1006,Waves,2.73,2.75,0.007326007326007333
General,2023-09-30,2023,39,6641,1inch,0.259323,0.269935,0.04092193904898506
General,2023-10-07,2023,40,6641,1inch,0.269935,0.256245,-0.05071591309018831
General,2023-10-14,2023,41,6641,1inch,0.256245,0.245987,-0.04003200062440239
General,2023-10-21,2023,42,6641,1inch,0.245987,0.263636,0.07174769398382828
General,2023-10-28,2023,43,6641,1inch,0.263636,0.28769,0.09123943619232587
General,2023-11-04,2023,44,6641,1inch,0.28769,0.312232,0.08530710139386148
General,2023-11-11,2023,45,6641,1inch,0.312232,0.389348,0.24698301263163294
General,2023-11-18,2023,46,6641,1inch,0.389348,0.347591,-0.10724852830886518
General,2023-11-25,2023,47,6641,1inch,0.347591,0.36795,0.058571712155953456
General,2023-12-02,2023,48,6641,1inch,0.36795,0.356964,-0.029857317570322044
General,2023-12-09,2023,49,6641,1inch,0.356964,0.408945,0.14561972635896056
General,2023-12-16,2023,50,6641,1inch,0.408945,0.379226,-0.07267236425436183
General,2023-12-23,2023,51,6641,1inch,0.379226,0.400926,0.057221814959944724
General,2023-12-30,2023,52,6641,1inch,0.400926,0.421521,0.05136858173328738
General,2023-12-23,2023,51,22511,Polygon Ecosystem Token,0.907727,0.84608,-0.06791359076021744
General,2023-12-30,2023,52,22511,Polygon Ecosystem Token,0.84608,0.955494,0.12931874054462922
General,2023-09-30,2023,39,1011,Theta Network,0.636698,0.646679,0.015676191852338185
General,2023-10-07,2023,40,1011,Theta Network,0.646679,0.61848,-0.0436058693725944
General,2023-10-14,2023,41,1011,Theta Network,0.61848,0.590069,-0.04593681283145789
General,2023-10-21,2023,42,1011,Theta Network,0.590069,0.604102,0.023781964482120013
General,2023-10-28,2023,43,1011,Theta Network,0.604102,0.673992,0.11569238307438148
General,2023-11-04,2023,44,1011,Theta Network,0.673992,0.757042,0.12322104713409054
General,2023-11-11,2023,45,1011,Theta Network,0.757042,1.035,0.3671632485383901
General,2023-11-18,2023,46,1011,Theta Network,1.035,0.919512,-0.1115826086956521
General,2023-11-25,2023,47,1011,Theta Network,0.919512,1.015,0.10384638808411407
General,2023-12-02,2023,48,1011,Theta Network,1.015,1.1,0.08374384236453221
General,2023-12-09,2023,49,1011,Theta Network,1.1,1.17,0.06363636363636349
General,2023-12-16,2023,50,1011,Theta Network,1.17,1.1,-0.05982905982905969
General,2023-12-23,2023,51,1011,Theta Network,1.1,1.13,0.027272727272727094
General,2023-12-30,2023,52,1011,Theta Network,1.13,1.27,0.12389380530973464
General,2023-09-30,2023,39,15733,Acala,0.0488324,0.0487615,-0.0014519048828236733
General,2023-10-07,2023,40,15733,Acala,0.0487615,0.050349,0.032556422587492154
General,2023-10-14,2023,41,15733,Acala,0.050349,0.0444673,-0.116818606129218
General,2023-10-21,2023,42,15733,Acala,0.0444673,0.0471531,0.060399439588191814
General,2023-10-28,2023,43,15733,Acala,0.0471531,0.0489345,0.03777906436692382
General,2023-11-04,2023,44,15733,Acala,0.0489345,0.062634,0.279955859363026
General,2023-11-11,2023,45,15733,Acala,0.062634,0.062183,-0.007200561995082433
General,2023-11-18,2023,46,15733,Acala,0.062183,0.054739,-0.11971117508000577
General,2023-11-25,2023,47,15733,Acala,0.054739,0.059389,0.08494857414275003
General,2023-12-02,2023,48,15733,Acala,0.059389,0.063596,0.0708380339793565
General,2023-12-09,2023,49,15733,Acala,0.063596,0.072959,0.14722624064406561
General,2023-12-16,2023,50,15733,Acala,0.072959,0.072612,-0.0047560958894721705
General,2023-12-23,2023,51,15733,Acala,0.072612,0.099038,0.3639343359224372
General,2023-12-30,2023,52,15733,Acala,0.099038,0.10834,0.0939235444980715
General,2023-09-30,2023,39,1014,Enjin Coin,0.228685,0.225163,-0.015401097579640104
General,2023-10-07,2023,40,1014,Enjin Coin,0.225163,0.222257,-0.012906205726518086
General,2023-10-14,2023,41,1014,Enjin Coin,0.222257,0.210703,-0.05198486436872633
General,2023-10-21,2023,42,1014,Enjin Coin,0.210703,0.21489,0.019871572782542233
General,2023-10-28,2023,43,1014,Enjin Coin,0.21489,0.271272,0.2623760993996929
General,2023-11-04,2023,44,1014,Enjin Coin,0.271272,0.283704,0.045828541095284434
General,2023-11-11,2023,45,1014,Enjin Coin,0.283704,0.306857,0.08160970589064652
General,2023-11-18,2023,46,1014,Enjin Coin,0.306857,0.270152,-0.11961597747484981
General,2023-11-25,2023,47,1014,Enjin Coin,0.270152,0.288164,0.06667357635701372
General,2023-12-02,2023,48,1014,Enjin Coin,0.288164,0.298899,0.03725309198928406
General,2023-12-09,2023,49,1014,Enjin Coin,0.298899,0.360053,0.2045975396371349
General,2023-12-16,2023,50,1014,Enjin Coin,0.360053,0.343817,-0.04509336125514862
General,2023-12-23,2023,51,1014,Enjin Coin,0.343817,0.3678,0.06975513136348707
General,2023-12-30,2023,52,1014,Enjin Coin,0.3678,0.373411,0.015255573681348496
General,2023-09-30,2023,39,376,Bitcoin,26592.0,27070.0,0.017975330926594466
General,2023-10-07,2023,40,376,Bitcoin,27070.0,27933.0,0.03188031030661249
General,2023-10-14,2023,41,376,Bitcoin,27933.0,26845.0,-0.03895034546951634
General,2023-10-21,2023,42,376,Bitcoin,26845.0,30011.0,0.11793630098714844
General,2023-10-28,2023,43,376,Bitcoin,30011.0,34132.0,0.1373163173503049
General,2023-11-04,2023,44,376,Bitcoin,34132.0,34778.0,0.018926520567209656
General,2023-11-11,2023,45,376,Bitcoin,34778.0,37001.0,0.06391971936281557
General,2023-11-18,2023,46,376,Bitcoin,37001.0,36617.0,-0.010378097889246237
General,2023-11-25,2023,47,376,Bitcoin,36617.0,37812.0,0.03263511483737062
General,2023-12-02,2023,48,376,Bitcoin,37812.0,39501.0,0.044668359251031416
General,2023-12-09,2023,49,376,Bitcoin,39501.0,43985.0,0.11351611351611351
General,2023-12-16,2023,50,376,Bitcoin,43985.0,42301.0,-0.03828577924292372
General,2023-12-23,2023,51,376,Bitcoin,42301.0,43736.0,0.03392354790666887
General,2023-12-30,2023,52,376,Bitcoin,43736.0,42285.0,-0.03317633071154198
General,2023-09-30,2023,39,6009,Axie Infinity,4.42,4.61,0.042986425339366606
General,2023-10-07,2023,40,6009,Axie Infinity,4.61,4.49,-0.026030368763557504
General,2023-10-14,2023,41,6009,Axie Infinity,4.49,4.29,-0.04454342984409803
General,2023-10-21,2023,42,6009,Axie Infinity,4.29,4.46,0.03962703962703961
General,2023-10-28,2023,43,6009,Axie Infinity,4.46,4.95,0.10986547085201799
General,2023-11-04,2023,44,6009,Axie Infinity,4.95,5.57,0.12525252525252528
General,2023-11-11,2023,45,6009,Axie Infinity,5.57,6.48,0.16337522441651708
General,2023-11-18,2023,46,6009,Axie Infinity,6.48,6.03,-0.06944444444444446
General,2023-11-25,2023,47,6009,Axie Infinity,6.03,6.3,0.044776119402985
General,2023-12-02,2023,48,6009,Axie Infinity,6.3,6.69,0.061904761904762
General,2023-12-09,2023,49,6009,Axie Infinity,6.69,7.65,0.14349775784753363
General,2023-12-16,2023,50,6009,Axie Infinity,7.65,7.25,-0.05228758169934645
General,2023-12-23,2023,51,6009,Axie Infinity,7.25,7.54,0.04000000000000001
General,2023-12-30,2023,52,6009,Axie Infinity,7.54,9.19,0.21883289124668429
General,2023-09-30,2023,39,382,Bitcoin Cash,208.49,236.42,0.13396325962875907
General,2023-10-07,2023,40,382,Bitcoin Cash,236.42,229.79,-0.028043312748498417
General,2023-10-14,2023,41,382,Bitcoin Cash,229.79,215.51,-0.06214369641846904
General,2023-10-21,2023,42,382,Bitcoin Cash,215.51,244.21,0.13317247459514647
General,2023-10-28,2023,43,382,Bitcoin Cash,244.21,246.7,0.01019614266410049
General,2023-11-04,2023,44,382,Bitcoin Cash,246.7,237.62,-0.036805837049047364
General,2023-11-11,2023,45,382,Bitcoin Cash,237.62,237.67,0.00021041999831656824
General,2023-11-18,2023,46,382,Bitcoin Cash,237.67,227.79,-0.04157024445659947
General,2023-11-25,2023,47,382,Bitcoin Cash,227.79,226.82,-0.004258308090785368
General,2023-12-02,2023,48,382,Bitcoin Cash,226.82,228.37,0.0068336125562120245
General,2023-12-09,2023,49,382,Bitcoin Cash,228.37,255.86,0.12037483031921885
General,2023-12-16,2023,50,382,Bitcoin Cash,255.86,229.98,-0.10114906589541164
General,2023-12-23,2023,51,382,Bitcoin Cash,229.98,232.11,0.009261674928254734
General,2023-12-30,2023,52,382,Bitcoin Cash,232.11,272.0,0.17185817069492906
General,2023-09-24,2023,39,22399,Pepa ERC,2.998e-08,2.998e-08,0.0
General,2023-10-01,2023,40,22399,Pepa ERC,2.998e-08,2.9013e-08,-0.03225483655770518
General,2023-10-08,2023,41,22399,Pepa ERC,2.9013e-08,2.9013e-08,0.0
General,2023-10-15,2023,42,22399,Pepa ERC,2.9013e-08,2.9013e-08,0.0
General,2023-10-22,2023,43,22399,Pepa ERC,2.9013e-08,2.9013e-08,0.0
General,2023-10-29,2023,44,22399,Pepa ERC,2.9013e-08,2.7561e-08,-0.05004653086547405
General,2023-11-05,2023,45,22399,Pepa ERC,2.7561e-08,2.7578e-08,0.0006168136134392593
General,2023-11-12,2023,46,22399,Pepa ERC,2.7578e-08,2.7578e-08,0.0
General,2023-11-19,2023,47,22399,Pepa ERC,2.7578e-08,4.5021e-08,0.6324969178330554
General,2023-11-26,2023,48,22399,Pepa ERC,4.5021e-08,4.4239e-08,-0.017369671930876702
General,2023-12-03,2023,49,22399,Pepa ERC,4.4239e-08,3.8998e-08,-0.11847012816745406
General,2023-12-10,2023,50,22399,Pepa ERC,3.8998e-08,2.5207e-08,-0.35363351966767537
General,2023-12-17,2023,51,22399,Pepa ERC,2.5207e-08,2.4314e-08,-0.03542666719562027
General,2023-12-24,2023,52,22399,Pepa ERC,2.4314e-08,2.1525e-08,-0.11470757588220776
General,2024-01-13,2024,2,15335,Moonbeam,0.396822,0.415664,0.047482246448029515
General,2024-01-20,2024,3,15335,Moonbeam,0.415664,0.380804,-0.08386581469648563
General,2024-01-13,2024,2,991,Ethereum Classic,19.9,28.86,0.4502512562814071
General,2024-01-20,2024,3,991,Ethereum Classic,28.86,24.52,-0.15038115038115038
General,2024-01-06,2024,1,1062,Fantom,0.466782,0.399713,-0.14368377529553408
General,2024-01-06,2024,1,991,Ethereum Classic,22.36,19.9,-0.11001788908765657
General,2024-01-06,2024,1,15335,Moonbeam,0.459849,0.396822,-0.1370602088946589
General,2024-01-27,2024,4,769,Cosmos,9.77,9.69,-0.008188331627430918
General,2024-02-03,2024,5,769,Cosmos,9.69,9.14,-0.056759545923632505
General,2024-02-10,2024,6,769,Cosmos,9.14,10.04,0.09846827133479195
General,2024-02-17,2024,7,769,Cosmos,10.04,10.23,0.01892430278884475
General,2024-01-27,2024,4,3844,Trust Wallet Token,1.11,1.14,0.027027027027026848
General,2024-02-03,2024,5,3844,Trust Wallet Token,1.14,1.12,-0.01754385964912263
General,2024-02-10,2024,6,3844,Trust Wallet Token,1.12,1.16,0.035714285714285546
General,2024-01-27,2024,4,8839,Internet Computer,11.4,12.8,0.12280701754385967
General,2024-02-03,2024,5,8839,Internet Computer,12.8,12.7,-0.007812500000000111
General,2024-02-10,2024,6,8839,Internet Computer,12.7,13.35,0.05118110236220476
General,2024-02-17,2024,7,8839,Internet Computer,13.35,13.16,-0.014232209737827678
General,2024-01-27,2024,4,907,Decentraland,0.473862,0.455206,-0.03937011197352817
General,2024-02-03,2024,5,907,Decentraland,0.455206,0.441182,-0.030808029771136544
General,2024-02-10,2024,6,907,Decentraland,0.441182,0.464525,0.05291013685961803
General,2024-01-27,2024,4,1036,Polygon,0.778208,0.786723,0.010941804761708874
General,2024-02-03,2024,5,1036,Polygon,0.786723,0.787899,0.0014948082107680415
General,2024-02-10,2024,6,1036,Polygon,0.787899,0.851647,0.08090884745379805
General,2024-02-17,2024,7,1036,Polygon,0.851647,0.924026,0.08498708972144559
General,2024-01-27,2024,4,5518,Avalanche,32.62,32.85,0.007050889025138075
General,2024-02-03,2024,5,5518,Avalanche,32.85,36.09,0.09863013698630142
General,2024-02-10,2024,6,5518,Avalanche,36.09,40.18,0.11332779163203092
General,2024-02-17,2024,7,5518,Avalanche,40.18,39.74,-0.010950721752115424
General,2024-01-27,2024,4,147,Algorand,0.171952,0.168011,-0.02291918674979064
General,2024-02-03,2024,5,147,Algorand,0.168011,0.166082,-0.01148139109939222
General,2024-02-10,2024,6,147,Algorand,0.166082,0.177057,0.06608181500704462
General,2024-02-17,2024,7,147,Algorand,0.177057,0.190093,0.0736260074439306
General,2024-01-27,2024,4,659,ChainLink,15.72,14.36,-0.08651399491094156
General,2024-02-03,2024,5,659,ChainLink,14.36,17.68,0.23119777158774377
General,2024-02-10,2024,6,659,ChainLink,17.68,18.66,0.05542986425339369
General,2024-02-17,2024,7,659,ChainLink,18.66,20.1,0.07717041800643093
General,2024-01-27,2024,4,5395,Uniswap,6.48,5.99,-0.07561728395061731
General,2024-02-03,2024,5,5395,Uniswap,5.99,6.14,0.025041736227044985
General,2024-02-10,2024,6,5395,Uniswap,6.14,6.66,0.08469055374592842
General,2024-02-17,2024,7,5395,Uniswap,6.66,7.68,0.1531531531531531
General,2024-01-27,2024,4,8477,Mina Protocol (IOU),1.13,1.098,-0.02831858407079629
General,2024-02-03,2024,5,8477,Mina Protocol (IOU),1.098,1.21,0.10200364298724943
General,2024-02-10,2024,6,8477,Mina Protocol (IOU),1.21,1.33,0.09917355371900835
General,2024-02-17,2024,7,8477,Mina Protocol (IOU),1.33,1.36,0.02255639097744363
General,2024-01-27,2024,4,3747,Solana,92.59,93.22,0.006804190517334436
General,2024-02-03,2024,5,3747,Solana,93.22,97.97,0.050954730744475436
General,2024-02-10,2024,6,3747,Solana,97.97,109.79,0.12064917831989393
General,2024-02-17,2024,7,3747,Solana,109.79,108.44,-0.012296201839876205
General,2024-01-27,2024,4,1062,Fantom,0.369883,0.373524,0.009843653263329229
General,2024-02-03,2024,5,1062,Fantom,0.373524,0.358116,-0.04125036142255928
General,2024-02-10,2024,6,1062,Fantom,0.358116,0.396235,0.10644316366763847
General,2024-02-17,2024,7,1062,Fantom,0.396235,0.397245,0.0025489923908791775
General,2024-01-27,2024,4,6569,The Graph,0.159644,0.161063,0.008888526972513865
General,2024-02-03,2024,5,6569,The Graph,0.161063,0.158082,-0.01850828557769327
General,2024-02-10,2024,6,6569,The Graph,0.158082,0.171571,0.08532913298161714
General,2024-02-17,2024,7,6569,The Graph,0.171571,0.203165,0.18414533924730875
General,2024-01-27,2024,4,10410,Moonriver,24.36,24.29,-0.0028735632183908163
General,2024-02-03,2024,5,10410,Moonriver,24.29,22.08,-0.09098394400988065
General,2024-02-10,2024,6,10410,Moonriver,22.08,22.99,0.04121376811594204
General,2024-01-27,2024,4,5674,PancakeSwap,2.72,2.6,-0.04411764705882357
General,2024-02-03,2024,5,5674,PancakeSwap,2.6,2.44,-0.06153846153846159
General,2024-02-10,2024,6,5674,PancakeSwap,2.44,2.56,0.04918032786885251
General,2024-01-27,2024,4,1069,Hedera Hashgraph,0.076004,0.07453,-0.01939371612020424
General,2024-02-03,2024,5,1069,Hedera Hashgraph,0.07453,0.069608,-0.0660405205957332
General,2024-02-10,2024,6,1069,Hedera Hashgraph,0.069608,0.078986,0.13472589357545106
General,2024-02-17,2024,7,1069,Hedera Hashgraph,0.078986,0.082813,0.048451624338490325
General,2024-01-27,2024,4,1087,Kava,0.717456,0.718604,0.0016000981244843418
General,2024-02-03,2024,5,1087,Kava,0.718604,0.708463,-0.014112083985060014
General,2024-02-10,2024,6,1087,Kava,0.708463,0.720815,0.01743492603001149
General,2024-01-27,2024,4,15951,BitTorrent,9.73958e-07,8.87921e-07,-0.0883374847786045
General,2024-02-03,2024,5,15951,BitTorrent,8.87921e-07,8.05257e-07,-0.09309837249034535
General,2024-02-10,2024,6,15951,BitTorrent,8.05257e-07,1.02e-06,0.2666763530152485
General,2024-01-27,2024,4,4688,Polkadot,6.87,6.7,-0.024745269286753992
General,2024-02-03,2024,5,4688,Polkadot,6.7,6.88,0.026865671641791003
General,2024-02-10,2024,6,4688,Polkadot,6.88,7.26,0.05523255813953487
General,2024-02-17,2024,7,4688,Polkadot,7.26,7.66,0.05509641873278242
General,2024-01-27,2024,4,978,Ethereum,2463.03,2271.05,-0.07794464541641799
General,2024-02-03,2024,5,978,Ethereum,2271.05,2302.0,0.013628057506439672
General,2024-02-10,2024,6,978,Ethereum,2302.0,2508.9,0.08987836663770638
General,2024-02-17,2024,7,978,Ethereum,2508.9,2780.88,0.1084060743752242
General,2024-01-27,2024,4,979,XRP,0.548614,0.530753,-0.032556588056447726
General,2024-02-03,2024,5,979,XRP,0.530753,0.518837,-0.02245112133139151
General,2024-02-10,2024,6,979,XRP,0.518837,0.524968,0.011816813372986117
General,2024-02-17,2024,7,979,XRP,0.524968,0.550318,0.04828865759436762
General,2024-01-27,2024,4,2391,Klaytn,0.199356,0.204563,0.026119103513312814
General,2024-02-03,2024,5,2391,Klaytn,0.204563,0.195716,-0.04324829025776897
General,2024-02-10,2024,6,2391,Klaytn,0.195716,0.218639,0.11712379161642379
General,2024-01-27,2024,4,984,TRON,0.110089,0.1126,0.022808818319723125
General,2024-02-03,2024,5,984,TRON,0.1126,0.117176,0.040639431616340996
General,2024-02-10,2024,6,984,TRON,0.117176,0.124417,0.06179593090735302
General,2024-02-17,2024,7,984,TRON,0.124417,0.136215,0.09482626972198335
General,2024-01-27,2024,4,345,Binance Coin,315.66,305.87,-0.03101438256351777
General,2024-02-03,2024,5,345,Binance Coin,305.87,300.03,-0.019093078758949986
General,2024-02-10,2024,6,345,Binance Coin,300.03,323.12,0.07695897076958982
General,2024-02-17,2024,7,345,Binance Coin,323.12,353.18,0.09303045308244616
General,2024-01-27,2024,4,986,Monero,156.3,159.96,0.023416506717850265
General,2024-02-03,2024,5,986,Monero,159.96,164.28,0.027006751687921937
General,2024-02-10,2024,6,986,Monero,164.28,119.15,-0.27471390309228144
General,2024-02-17,2024,7,986,Monero,119.15,120.09,0.007889215274863599
General,2024-01-27,2024,4,985,Tezos,1.028,1.0,-0.027237354085603138
General,2024-02-03,2024,5,985,Tezos,1.0,1.002,0.0020000000000000018
General,2024-02-10,2024,6,985,Tezos,1.002,1.043,0.04091816367265461
General,2024-01-27,2024,4,983,Stellar,0.114428,0.116759,0.02037088824413605
General,2024-02-03,2024,5,983,Stellar,0.116759,0.110905,-0.05013746263671321
General,2024-02-10,2024,6,983,Stellar,0.110905,0.11197,0.009602813218520323
General,2024-02-17,2024,7,983,Stellar,0.11197,0.114158,0.019540948468339692
General,2024-01-27,2024,4,991,Ethereum Classic,24.52,24.0,-0.021207177814029348
General,2024-02-03,2024,5,991,Ethereum Classic,24.0,25.03,0.042916666666666714
General,2024-02-10,2024,6,991,Ethereum Classic,25.03,25.93,0.0359568517778665
General,2024-02-17,2024,7,991,Ethereum Classic,25.93,26.11,0.006941766293868096
General,2024-01-27,2024,4,994,VeChain,0.0282478,0.0282792,0.0011115909911568642
General,2024-02-03,2024,5,994,VeChain,0.0282792,0.0286001,0.011347562873065679
General,2024-02-10,2024,6,994,VeChain,0.0286001,0.0298665,0.044279565456064866
General,2024-02-17,2024,7,994,VeChain,0.0298665,0.0452615,0.5154604657392062
General,2024-01-27,2024,4,996,Maker,1970.93,2017.33,0.023542185668694406
General,2024-02-03,2024,5,996,Maker,2017.33,2019.82,0.0012343047493469136
General,2024-02-10,2024,6,996,Maker,2019.82,1995.17,-0.012204057787327516
General,2024-02-17,2024,7,996,Maker,1995.17,2112.5,0.05880701895076606
General,2024-01-27,2024,4,998,Dogecoin,0.084308,0.080124,-0.04962755610380976
General,2024-02-03,2024,5,998,Dogecoin,0.080124,0.079119,-0.012543058259697542
General,2024-02-10,2024,6,998,Dogecoin,0.079119,0.081361,0.028337061894108975
General,2024-02-17,2024,7,998,Dogecoin,0.081361,0.083577,0.027236636717837732
General,2024-01-27,2024,4,15335,Moonbeam,0.380804,0.385271,0.01173044400794109
General,2024-02-03,2024,5,15335,Moonbeam,0.385271,0.351964,-0.08645083590511608
General,2024-02-10,2024,6,15335,Moonbeam,0.351964,0.384163,0.09148378811469349
General,2024-01-27,2024,4,621,Cardano,0.512815,0.489353,-0.04575139182746222
General,2024-02-03,2024,5,621,Cardano,0.489353,0.515851,0.05414904986788671
General,2024-02-10,2024,6,621,Cardano,0.515851,0.547095,0.06056787715832683
General,2024-02-17,2024,7,621,Cardano,0.547095,0.598949,0.09478061397015136
General,2024-01-27,2024,4,5613,Aave,96.6,92.03,-0.04730848861283637
General,2024-02-03,2024,5,5613,Aave,92.03,86.56,-0.05943714006302291
General,2024-02-10,2024,6,5613,Aave,86.56,88.84,0.02634011090573014
General,2024-02-17,2024,7,5613,Aave,88.84,93.8,0.05583070688878876
General,2024-01-27,2024,4,1005,Synthetix Network Token,3.28,3.23,-0.015243902439024336
General,2024-02-03,2024,5,1005,Synthetix Network Token,3.23,3.12,-0.03405572755417953
General,2024-02-10,2024,6,1005,Synthetix Network Token,3.12,3.47,0.1121794871794872
General,2024-02-17,2024,7,1005,Synthetix Network Token,3.47,3.63,0.046109510086455245
General,2024-01-27,2024,4,1011,Theta Network,1.022,1.006,-0.01565557729941293
General,2024-02-03,2024,5,1011,Theta Network,1.006,0.996678,-0.009266401590457309
General,2024-02-10,2024,6,1011,Theta Network,0.996678,1.022,0.02540640006100272
General,2024-01-27,2024,4,1014,Enjin Coin,0.294158,0.292388,-0.006017174443666309
General,2024-02-03,2024,5,1014,Enjin Coin,0.292388,0.284519,-0.02691286920119827
General,2024-02-10,2024,6,1014,Enjin Coin,0.284519,0.299278,0.051873512840970075
General,2024-01-27,2024,4,376,Bitcoin,41682.0,42047.0,0.008756777505877836
General,2024-02-03,2024,5,376,Bitcoin,42047.0,43050.0,0.023854258329964087
General,2024-02-10,2024,6,376,Bitcoin,43050.0,48020.0,0.11544715447154472
General,2024-02-17,2024,7,376,Bitcoin,48020.0,51566.0,0.0738442315701791
General,2023-09-30,2023,39,1062,Fantom,0.187887,0.199596,0.06231937281451084
General,2023-10-07,2023,40,1062,Fantom,0.199596,0.192751,-0.034294274434357355
General,2023-10-14,2023,41,1062,Fantom,0.192751,0.18477,-0.0414057514617305
General,2023-10-21,2023,42,1062,Fantom,0.18477,0.198652,0.07513124424960765
General,2023-10-28,2023,43,1062,Fantom,0.198652,0.234359,0.1797464913517106
General,2023-11-04,2023,44,1062,Fantom,0.234359,0.247678,0.05683161303811672
General,2023-11-11,2023,45,1062,Fantom,0.247678,0.310884,0.25519424413956826
General,2023-11-18,2023,46,1062,Fantom,0.310884,0.325973,0.04853578826829306
General,2023-11-25,2023,47,1062,Fantom,0.325973,0.316243,-0.029849097931423818
General,2023-12-02,2023,48,1062,Fantom,0.316243,0.327129,0.034422896317072654
General,2023-12-09,2023,49,1062,Fantom,0.327129,0.408677,0.2492839216333618
General,2023-12-16,2023,50,1062,Fantom,0.408677,0.41832,0.023595651333449184
General,2023-12-23,2023,51,1062,Fantom,0.41832,0.522853,0.2498876458213807
General,2023-12-30,2023,52,1062,Fantom,0.522853,0.466782,-0.10724046720588777
General,2023-09-30,2023,39,991,Ethereum Classic,15.24,16.52,0.08398950131233592
General,2023-10-07,2023,40,991,Ethereum Classic,16.52,15.63,-0.05387409200968516
General,2023-10-14,2023,41,991,Ethereum Classic,15.63,14.98,-0.04158669225847731
General,2023-10-21,2023,42,991,Ethereum Classic,14.98,15.67,0.04606141522029369
General,2023-10-28,2023,43,991,Ethereum Classic,15.67,16.28,0.038927887683471676
General,2023-11-04,2023,44,991,Ethereum Classic,16.28,17.35,0.06572481572481574
General,2023-11-11,2023,45,991,Ethereum Classic,17.35,20.23,0.16599423631123914
General,2023-11-18,2023,46,991,Ethereum Classic,20.23,19.19,-0.05140879881364306
General,2023-11-25,2023,47,991,Ethereum Classic,19.19,19.32,0.006774361646690933
General,2023-12-02,2023,48,991,Ethereum Classic,19.32,19.54,0.011387163561076545
General,2023-12-09,2023,49,991,Ethereum Classic,19.54,22.23,0.13766632548618227
General,2023-12-16,2023,50,991,Ethereum Classic,22.23,20.57,-0.07467386414754837
General,2023-12-23,2023,51,991,Ethereum Classic,20.57,21.3,0.03548857559552749
General,2023-12-30,2023,52,991,Ethereum Classic,21.3,22.36,0.04976525821596238
General,2023-09-30,2023,39,15335,Moonbeam,0.165478,0.231421,0.3985001027326896
General,2023-10-07,2023,40,15335,Moonbeam,0.231421,0.20284,-0.12350218865185095
General,2023-10-14,2023,41,15335,Moonbeam,0.20284,0.184582,-0.09001183198580161
General,2023-10-21,2023,42,15335,Moonbeam,0.184582,0.179888,-0.025430432003120586
General,2023-10-28,2023,43,15335,Moonbeam,0.179888,0.201937,0.1225707106644135
General,2023-11-04,2023,44,15335,Moonbeam,0.201937,0.216717,0.07319114377256267
General,2023-11-11,2023,45,15335,Moonbeam,0.216717,0.279248,0.28853758588389466
General,2023-11-18,2023,46,15335,Moonbeam,0.279248,0.24303,-0.12969833266487138
General,2023-11-25,2023,47,15335,Moonbeam,0.24303,0.270925,0.1147800683043247
General,2023-12-02,2023,48,15335,Moonbeam,0.270925,0.278344,0.027383962351204032
General,2023-12-09,2023,49,15335,Moonbeam,0.278344,0.34697,0.24655103037967416
General,2023-12-16,2023,50,15335,Moonbeam,0.34697,0.325093,-0.06305156065365876
General,2023-12-23,2023,51,15335,Moonbeam,0.325093,0.474568,0.4597915058152589
General,2023-12-30,2023,52,15335,Moonbeam,0.474568,0.459849,-0.031015576271472122