id_project,week_performance,year,init_price,end_price,performance,date_performance
147,5,2024,0.166082,0.177057,0.06608181500704462,2024-02-10 21:01:53
147,6,2024,0.177057,0.190093,0.0736260074439306,2024-02-18 21:02:13
147,7,2024,0.190093,0.194055,0.02084242975806575,2024-02-24 21:02:14
147,8,2024,0.194055,0.239978,0.2366494035196207,2024-03-02 21:01:56
147,9,2024,0.239978,0.272802,0.13677920476043634,2024-03-09 21:01:50
147,10,2024,0.272802,0.268946,-0.014134793733183666,2024-03-16 21:01:57
147,11,2024,0.268946,0.252215,-0.062209514177567225,2024-03-23 21:01:53
147,12,2024,0.252215,0.262723,0.04166286699839407,2024-03-30 21:02:03
147,13,2024,0.262723,0.232635,-0.11452366180349638,2024-04-06 21:02:11
147,14,2024,0.232635,0.152427,-0.34478045006125474,2024-04-13 21:02:45
147,15,2024,0.152427,0.190079,0.2470166046697763,2024-04-20 21:02:48
147,16,2024,0.190079,0.198575,0.044697204846405984,2024-04-27 21:02:54
147,17,2024,0.198575,0.194464,-0.020702505350623207,2024-05-04 21:03:00
345,5,2024,300.03,323.12,0.07695897076958982,2024-02-10 21:00:12
345,6,2024,323.12,353.18,0.09303045308244616,2024-02-18 21:00:12
345,7,2024,353.18,382.29,0.08242256073390343,2024-02-24 21:00:13
345,8,2024,382.29,408.79,0.06931910329854299,2024-03-02 21:00:12
345,9,2024,408.79,487.72,0.19308202255436777,2024-03-09 21:00:12
345,10,2024,487.72,588.0,0.2056097761010415,2024-03-16 21:00:14
345,11,2024,588.0,559.29,-0.04882653061224496,2024-03-23 21:00:11
345,12,2024,559.29,606.21,0.0838920774553453,2024-03-30 21:00:12
345,13,2024,606.21,585.35,-0.034410517807360506,2024-04-06 21:00:13
345,14,2024,585.35,522.96,-0.10658580336550778,2024-04-13 21:00:13
345,15,2024,522.96,572.35,0.09444316964968637,2024-04-20 21:00:13
345,16,2024,572.35,595.21,0.039940595789289796,2024-04-27 21:00:14
345,17,2024,595.21,589.07,-0.010315686900421676,2024-05-04 21:00:15
376,5,2024,43050.0,48020.0,0.11544715447154472,2024-02-10 21:00:07
376,6,2024,48020.0,51566.0,0.0738442315701791,2024-02-18 21:00:07
376,7,2024,51566.0,51517.0,-0.0009502385292634682,2024-02-24 21:00:06
376,8,2024,51517.0,61936.0,0.20224391948288914,2024-03-02 21:00:06
376,9,2024,61936.0,68492.0,0.10585120123998967,2024-03-09 21:00:06
376,10,2024,68492.0,67184.0,-0.019097120831629972,2024-03-16 21:00:06
376,11,2024,67184.0,65029.0,-0.03207608954512979,2024-03-23 21:00:05
376,12,2024,65029.0,69868.0,0.07441295422042474,2024-03-30 21:00:06
376,13,2024,69868.0,68453.0,-0.020252476097784394,2024-04-06 21:00:06
376,14,2024,68453.0,61846.0,-0.0965187793084306,2024-04-13 21:00:07
376,15,2024,61846.0,64720.0,0.0464702648514051,2024-04-20 21:00:06
376,16,2024,64720.0,63215.0,-0.023254017305315205,2024-04-27 21:00:06
376,17,2024,63215.0,63905.0,0.010915130902475678,2024-05-04 21:00:08
621,5,2024,0.515851,0.547095,0.06056787715832683,2024-02-10 21:00:22
621,6,2024,0.547095,0.598949,0.09478061397015136,2024-02-18 21:00:24
621,7,2024,0.598949,0.592343,-0.011029319691659894,2024-02-24 21:00:24
621,8,2024,0.592343,0.733245,0.23787231384518784,2024-03-02 21:00:21
621,9,2024,0.733245,0.743671,0.014218985468704096,2024-03-09 21:00:24
621,10,2024,0.743671,0.67169,-0.09679145751279795,2024-03-16 21:00:23
621,11,2024,0.67169,0.630815,-0.06085396537093003,2024-03-23 21:00:20
621,12,2024,0.630815,0.649495,0.02961248543550808,2024-03-30 21:00:23
621,13,2024,0.649495,0.582674,-0.10288146944934143,2024-04-06 21:00:26
621,14,2024,0.582674,0.415745,-0.28648781308244414,2024-04-13 21:00:29
621,15,2024,0.415745,0.504053,0.21240904881598097,2024-04-20 21:00:29
621,16,2024,0.504053,0.464576,-0.0783191450105445,2024-04-27 21:00:30
621,17,2024,0.464576,0.468619,0.008702558892409463,2024-05-04 21:00:31
659,5,2024,17.68,18.66,0.05542986425339369,2024-02-10 21:00:27
659,6,2024,18.66,20.1,0.07717041800643093,2024-02-18 21:00:32
659,7,2024,20.1,18.46,-0.08159203980099505,2024-02-24 21:00:33
659,8,2024,18.46,21.24,0.15059588299024904,2024-03-02 21:00:30
659,9,2024,21.24,20.04,-0.05649717514124291,2024-03-09 21:00:31
659,10,2024,20.04,18.37,-0.08333333333333325,2024-03-16 21:00:33
659,11,2024,18.37,18.29,-0.0043549265106152335,2024-03-23 21:00:32
659,12,2024,18.29,19.09,0.043739748496446185,2024-03-30 21:00:34
659,13,2024,19.09,17.5,-0.08328968046097432,2024-04-06 21:00:38
659,14,2024,17.5,12.25,-0.3,2024-04-13 21:00:49
659,15,2024,12.25,15.0,0.22448979591836735,2024-04-20 21:00:45
659,16,2024,15.0,14.18,-0.05466666666666668,2024-04-27 21:00:46
659,17,2024,14.18,14.36,0.012693935119887145,2024-05-04 21:00:48
769,5,2024,9.14,10.04,0.09846827133479195,2024-02-10 21:00:54
769,6,2024,10.04,10.23,0.01892430278884475,2024-02-18 21:00:55
769,7,2024,10.23,10.4,0.01661779081133919,2024-02-24 21:01:03
769,8,2024,10.4,12.08,0.1615384615384615,2024-03-02 21:00:57
769,9,2024,12.08,13.5,0.11754966887417218,2024-03-09 21:00:54
769,10,2024,13.5,11.9,-0.1185185185185185,2024-03-16 21:00:56
769,11,2024,11.9,11.5,-0.03361344537815129,2024-03-23 21:00:53
769,12,2024,11.5,12.39,0.07739130434782614,2024-03-30 21:01:04
769,13,2024,12.39,11.1,-0.10411622276029063,2024-04-06 21:01:09
769,14,2024,11.1,7.49,-0.3252252252252252,2024-04-13 21:01:21
769,15,2024,7.49,8.64,0.15353805073431245,2024-04-20 21:01:25
769,16,2024,8.64,8.38,-0.030092592592592567,2024-04-27 21:01:19
769,17,2024,8.38,8.75,0.0441527446300715,2024-05-04 21:01:36
907,5,2024,0.441182,0.464525,0.05291013685961803,2024-02-10 21:02:54
907,6,2024,0.464525,0.487358,0.04915343630590386,2024-02-18 03:00:33
907,7,2024,0.487358,0.499584,0.02508628154252102,2024-02-24 21:03:32
907,8,2024,0.499584,0.674711,0.35054565398411475,2024-03-02 21:03:18
907,9,2024,0.674711,0.759356,0.12545371277480297,2024-03-09 21:02:45
907,10,2024,0.759356,0.629018,-0.17164281312059174,2024-03-16 21:02:49
907,11,2024,0.629018,0.642699,0.021749775046183185,2024-03-23 21:03:06
907,12,2024,0.642699,0.66595,0.03617712179418362,2024-03-30 21:03:10
907,13,2024,0.66595,0.589481,-0.11482693895938134,2024-04-06 21:03:22
907,14,2024,0.589481,0.393677,-0.3321633776152243,2024-04-13 21:04:26
907,15,2024,0.393677,0.471862,0.19860189952676943,2024-04-20 21:04:35
907,16,2024,0.471862,0.452881,-0.04022574396751598,2024-04-27 21:04:30
907,17,2024,0.452881,0.449667,-0.007096787014690382,2024-05-04 21:04:45
978,5,2024,2302.0,2508.9,0.08987836663770638,2024-02-10 21:00:09
978,6,2024,2508.9,2780.88,0.1084060743752242,2024-02-18 21:00:09
978,7,2024,2780.88,2988.18,0.07454474842495891,2024-02-24 21:00:09
978,8,2024,2988.18,3411.25,0.1415811631160105,2024-03-02 21:00:08
978,9,2024,3411.25,3908.74,0.14583803591058989,2024-03-09 21:00:08
978,10,2024,3908.74,3616.73,-0.07470693880892558,2024-03-16 21:00:09
978,11,2024,3616.73,3391.33,-0.062321489301109034,2024-03-23 21:00:07
978,12,2024,3391.33,3510.27,0.03507178599546492,2024-03-30 21:00:07
978,13,2024,3510.27,3359.61,-0.042919775401892124,2024-04-06 21:00:08
978,14,2024,3359.61,2909.85,-0.13387268165054877,2024-04-13 21:00:09
978,15,2024,2909.85,3154.43,0.08405244256576798,2024-04-20 21:00:09
978,16,2024,3154.43,3234.76,0.025465773531192764,2024-04-27 21:00:09
978,17,2024,3234.76,3129.3,-0.03260210958463689,2024-05-04 21:00:10
979,5,2024,0.518837,0.524968,0.011816813372986117,2024-02-10 21:00:16
979,6,2024,0.524968,0.550318,0.04828865759436762,2024-02-18 21:00:16
979,7,2024,0.550318,0.544773,-0.010075992426197257,2024-02-24 21:00:17
979,8,2024,0.544773,0.631961,0.1600446424474048,2024-03-02 21:00:15
979,9,2024,0.631961,0.62411,-0.012423234978107734,2024-03-09 21:00:17
979,10,2024,0.62411,0.611298,-0.020528432487862788,2024-03-16 21:00:19
979,11,2024,0.611298,0.624559,0.021693184011725816,2024-03-23 21:00:17
979,12,2024,0.624559,0.625722,0.001862113907573224,2024-03-30 21:00:16
979,13,2024,0.625722,0.591011,-0.05547351699316957,2024-04-06 21:00:18
979,14,2024,0.591011,0.436237,-0.26188006653006457,2024-04-13 21:00:21
979,15,2024,0.436237,0.528049,0.21046357828428128,2024-04-20 21:00:22
979,16,2024,0.528049,0.518553,-0.017983179591287833,2024-04-27 21:00:23
979,17,2024,0.518553,0.533155,0.028159127418026706,2024-05-04 21:00:25
984,5,2024,0.117176,0.124417,0.06179593090735302,2024-02-10 21:00:29
984,6,2024,0.124417,0.136215,0.09482626972198335,2024-02-18 21:00:35
984,7,2024,0.136215,0.137362,0.008420511691076674,2024-02-24 21:00:29
984,8,2024,0.137362,0.140963,0.026215401639463554,2024-03-02 21:00:29
984,9,2024,0.140963,0.136151,-0.03413661741024248,2024-03-09 21:00:33
984,10,2024,0.136151,0.1252,-0.08043275480899875,2024-03-16 21:00:32
984,11,2024,0.1252,0.119138,-0.04841853035143779,2024-03-23 21:00:30
984,12,2024,0.119138,0.122465,0.02792559888532635,2024-03-30 21:00:36
984,13,2024,0.122465,0.119634,-0.02311680888417099,2024-04-06 21:00:43
984,14,2024,0.119634,0.109247,-0.0868231439222964,2024-04-13 21:00:47
984,15,2024,0.109247,0.110901,0.015140003844499187,2024-04-20 21:00:39
984,16,2024,0.110901,0.120056,0.08255110413792478,2024-04-27 21:00:43
984,17,2024,0.120056,0.122577,0.020998534017458596,2024-05-04 21:00:38
985,5,2024,1.002,1.043,0.04091816367265461,2024-02-10 21:02:35
985,6,2024,1.043,1.061,0.017257909875359558,2024-02-18 03:00:20
985,7,2024,1.061,1.13,0.06503298774740807,2024-02-24 21:03:21
985,8,2024,1.13,1.38,0.22123893805309736,2024-03-02 21:02:53
985,9,2024,1.38,1.44,0.04347826086956526,2024-03-09 21:02:47
985,10,2024,1.44,1.3,-0.09722222222222215,2024-03-16 21:03:06
985,11,2024,1.3,1.26,-0.030769230769230795,2024-03-23 21:03:04
985,12,2024,1.26,1.39,0.10317460317460309,2024-03-30 21:03:05
985,13,2024,1.39,1.26,-0.09352517985611504,2024-04-06 21:03:04
985,14,2024,1.26,0.92218,-0.26811111111111113,2024-04-13 21:03:57
985,15,2024,0.92218,1.08,0.17113795571363516,2024-04-20 21:03:45
985,16,2024,1.08,1.005,-0.0694444444444446,2024-04-27 21:03:44
985,17,2024,1.005,0.972498,-0.03234029850746261,2024-05-04 21:04:08
986,5,2024,164.28,119.15,-0.27471390309228144,2024-02-10 21:01:00
986,6,2024,119.15,120.09,0.007889215274863599,2024-02-18 21:01:47
986,7,2024,120.09,123.88,0.031559663585644035,2024-02-24 21:01:51
986,8,2024,123.88,142.88,0.15337423312883436,2024-03-02 21:01:43
986,9,2024,142.88,144.64,0.012318029115341482,2024-03-09 21:01:36
986,10,2024,144.64,137.72,-0.047842920353982216,2024-03-16 21:01:44
986,11,2024,137.72,139.3,0.011472553006099423,2024-03-23 21:01:36
986,12,2024,139.3,127.33,-0.08592964824120612,2024-03-30 21:01:48
986,13,2024,127.33,131.82,0.035262703212125934,2024-04-06 21:02:08
986,14,2024,131.82,109.67,-0.16803216507358515,2024-04-13 21:02:14
986,15,2024,109.67,119.19,0.08680587216194033,2024-04-20 21:02:02
986,16,2024,119.19,121.01,0.015269737394076747,2024-04-27 21:02:12
986,17,2024,121.01,126.05,0.041649450458639714,2024-05-04 21:02:33
994,5,2024,0.0286001,0.0298665,0.044279565456064866,2024-02-10 21:01:33
994,6,2024,0.0298665,0.0452615,0.5154604657392062,2024-02-18 21:01:45
994,7,2024,0.0452615,0.0443853,-0.019358616042331796,2024-02-24 21:01:22
994,8,2024,0.0443853,0.050186,0.13068966527206077,2024-03-02 21:01:23
994,9,2024,0.050186,0.0497788,-0.008113816602239737,2024-03-09 21:01:21
994,10,2024,0.0497788,0.0410955,-0.1744377124398338,2024-03-16 21:01:24
994,11,2024,0.0410955,0.0415253,0.01045856602304391,2024-03-23 21:01:25
994,12,2024,0.0415253,0.0452335,0.08929977628096611,2024-03-30 21:01:31
994,13,2024,0.0452335,0.0411554,-0.09015663169995691,2024-04-06 21:01:37
994,14,2024,0.0411554,0.0374099,-0.09100871331587103,2024-04-13 21:01:57
994,15,2024,0.0374099,0.0422584,0.1296047302986642,2024-04-20 21:01:35
994,16,2024,0.0422584,0.0392497,-0.07119767904132676,2024-04-27 21:01:41
994,17,2024,0.0392497,0.0373085,-0.04945770286142307,2024-05-04 21:01:59
995,5,2024,0.231332,0.237947,0.02859526567876464,2024-02-10 21:08:02
995,6,2024,0.237947,0.251933,0.05877779505520148,2024-02-18 03:09:25
995,7,2024,0.251933,0.260627,0.03450917505844799,2024-02-24 21:10:00
995,8,2024,0.260627,0.311195,0.194024410364237,2024-03-02 21:08:53
995,9,2024,0.311195,0.3548,0.14012114590530056,2024-03-09 21:08:29
995,10,2024,0.3548,0.331665,-0.06520574971815112,2024-03-16 21:08:59
995,11,2024,0.331665,0.335453,0.011421162920416728,2024-03-23 21:08:07
995,12,2024,0.335453,0.366331,0.09204866255481399,2024-03-30 21:08:14
995,13,2024,0.366331,0.318157,-0.13150402231861347,2024-04-06 21:09:28
995,14,2024,0.318157,0.274685,-0.13663694339587062,2024-04-13 21:13:20
995,15,2024,0.274685,0.364674,0.32760798733094265,2024-04-20 21:09:44
995,16,2024,0.364674,0.362986,-0.004628791742762092,2024-04-27 21:09:16
995,17,2024,0.362986,0.367319,0.011937099502460236,2024-05-04 21:09:38
996,5,2024,2019.82,1995.17,-0.012204057787327516,2024-02-10 21:01:35
996,6,2024,1995.17,2112.5,0.05880701895076606,2024-02-18 21:01:52
996,7,2024,2112.5,2027.1,-0.040426035502958625,2024-02-24 21:01:59
996,8,2024,2027.1,2121.4,0.046519658625622906,2024-03-02 21:01:49
996,9,2024,2121.4,2405.82,0.13407183935137176,2024-03-09 21:01:48
996,10,2024,2405.82,2699.62,0.12212052439500864,2024-03-16 21:01:55
996,11,2024,2699.62,3094.04,0.1461020439913766,2024-03-23 21:01:38
996,12,2024,3094.04,3721.32,0.2027381675737871,2024-03-30 21:01:35
996,13,2024,3721.32,3714.0,-0.001967043952146057,2024-04-06 21:01:35
996,14,2024,3714.0,2576.08,-0.30638664512654823,2024-04-13 21:01:43
996,15,2024,2576.08,3108.07,0.2065114437439832,2024-04-20 21:01:49
996,16,2024,3108.07,2965.03,-0.04602212948871807,2024-04-27 21:01:45
996,17,2024,2965.03,2895.79,-0.023352208915255572,2024-05-04 21:02:07
1005,5,2024,3.12,3.47,0.1121794871794872,2024-02-10 21:02:12
1005,6,2024,3.47,3.63,0.046109510086455245,2024-02-18 21:02:34
1005,7,2024,3.63,4.03,0.11019283746556484,2024-02-24 21:02:47
1005,8,2024,4.03,4.57,0.13399503722084366,2024-03-02 21:02:22
1005,9,2024,4.57,4.36,-0.04595185995623631,2024-03-09 21:02:24
1005,10,2024,4.36,3.95,-0.09403669724770644,2024-03-16 21:02:45
1005,11,2024,3.95,4.4,0.11392405063291143,2024-03-23 21:02:47
1005,12,2024,4.4,4.57,0.038636363636363615,2024-03-30 21:02:36
1005,13,2024,4.57,3.97,-0.1312910284463895,2024-04-06 21:02:55
1005,14,2024,3.97,2.56,-0.35516372795969775,2024-04-13 21:03:49
1005,15,2024,2.56,3.12,0.21875000000000003,2024-04-20 21:04:03
1005,16,2024,3.12,2.91,-0.06730769230769229,2024-04-27 21:03:55
1005,17,2024,2.91,2.86,-0.01718213058419253,2024-05-04 21:04:13
1011,5,2024,0.996678,1.022,0.02540640006100272,2024-02-10 21:02:21
1011,6,2024,1.022,1.15,0.1252446183953032,2024-02-18 03:00:09
1011,7,2024,1.15,1.32,0.14782608695652188,2024-02-24 21:02:49
1011,8,2024,1.32,2.14,0.6212121212121212,2024-03-02 21:02:24
1011,9,2024,2.14,3.07,0.4345794392523363,2024-03-09 21:01:39
1011,10,2024,3.07,2.77,-0.09771986970684034,2024-03-16 21:01:34
1011,11,2024,2.77,2.85,0.028880866425992805,2024-03-23 21:01:28
1011,12,2024,2.85,2.81,-0.014035087719298258,2024-03-30 21:01:37
1011,13,2024,2.81,2.65,-0.05693950177935948,2024-04-06 21:01:50
1011,14,2024,2.65,1.83,-0.3094339622641509,2024-04-13 21:02:04
1011,15,2024,1.83,2.29,0.2513661202185792,2024-04-20 21:02:13
1011,16,2024,2.29,2.34,0.0218340611353711,2024-04-27 21:02:08
1011,17,2024,2.34,2.19,-0.06410256410256407,2024-05-04 21:02:20
1014,5,2024,0.284519,0.299278,0.051873512840970075,2024-02-10 21:04:52
1014,6,2024,0.299278,0.323643,0.08141259965650675,2024-02-18 03:02:33
1014,7,2024,0.323643,0.352568,0.08937316734797285,2024-02-24 21:05:58
1014,8,2024,0.352568,0.501236,0.42167184770030186,2024-03-02 21:05:07
1014,9,2024,0.501236,0.636108,0.2690788371146526,2024-03-09 21:04:15
1014,10,2024,0.636108,0.525015,-0.17464487162557302,2024-03-16 21:04:04
1014,11,2024,0.525015,0.496224,-0.05483843318762323,2024-03-23 21:04:21
1014,12,2024,0.496224,0.497431,0.0024323692525956295,2024-03-30 21:04:33
1014,13,2024,0.497431,0.44163,-0.11217837247779086,2024-04-06 21:05:18
1014,14,2024,0.44163,0.287371,-0.34929465842447305,2024-04-13 21:06:45
1014,15,2024,0.287371,0.353523,0.23019720152694598,2024-04-20 21:07:00
1014,16,2024,0.353523,0.31882,-0.09816334439343405,2024-04-27 21:06:30
1014,17,2024,0.31882,0.309323,-0.029787968132488483,2024-05-04 21:07:09
1032,5,2024,0.0202284,0.0210893,0.0425589764885012,2024-02-10 21:05:18
1032,6,2024,0.0210893,0.0226886,0.0758346649722846,2024-02-18 03:03:06
1032,7,2024,0.0226886,0.0241445,0.06416878961240445,2024-02-24 21:06:36
1032,8,2024,0.0241445,0.0306108,0.2678166870301726,2024-03-02 21:05:54
1032,9,2024,0.0306108,0.0351023,0.14672925895435607,2024-03-09 21:05:18
1032,10,2024,0.0351023,0.0332744,-0.05207351085256522,2024-03-16 21:05:09
1032,11,2024,0.0332744,0.0334223,0.004444858509845389,2024-03-23 21:05:00
1032,12,2024,0.0334223,0.0375017,0.1220562319170134,2024-03-30 21:05:03
1032,13,2024,0.0375017,0.0329447,-0.12151449134305908,2024-04-06 21:05:32
1032,14,2024,0.0329447,0.0217356,-0.34023985648677935,2024-04-13 21:07:16
1032,15,2024,0.0217356,0.0264788,0.2182226393566315,2024-04-20 21:07:02
1032,16,2024,0.0264788,0.0250452,-0.05414142634862608,2024-04-27 21:06:48
1032,17,2024,0.0250452,0.0246627,-0.015272387523357805,2024-05-04 21:07:14
1036,5,2024,0.787899,0.851647,0.08090884745379805,2024-02-10 21:00:32
1036,6,2024,0.851647,0.924026,0.08498708972144559,2024-02-18 21:00:39
1036,7,2024,0.924026,0.996543,0.07847939343698115,2024-02-24 21:00:36
1036,8,2024,0.996543,1.086,0.08976732564475404,2024-03-02 21:00:34
1036,9,2024,1.086,1.14,0.049723756906077186,2024-03-09 21:00:36
1036,10,2024,1.14,1.059,-0.07105263157894734,2024-03-16 21:00:40
1036,11,2024,1.059,0.993654,-0.06170538243626054,2024-03-23 21:00:35
1036,12,2024,0.993654,0.98779,-0.005901450605542866,2024-03-30 21:00:41
1036,13,2024,0.98779,0.896547,-0.09237084805474845,2024-04-06 21:00:47
1036,14,2024,0.896547,0.610038,-0.3195694146542234,2024-04-13 21:00:54
1036,15,2024,0.610038,0.737217,0.2084771768316073,2024-04-20 21:00:48
1036,16,2024,0.737217,0.729333,-0.010694273192289383,2024-04-27 21:00:50
1036,17,2024,0.729333,0.734963,0.007719381955841877,2024-05-04 21:00:53
1069,5,2024,0.069608,0.078986,0.13472589357545106,2024-02-10 21:01:24
1069,6,2024,0.078986,0.082813,0.048451624338490325,2024-02-18 21:01:34
1069,7,2024,0.082813,0.109182,0.31841619069469773,2024-02-24 21:01:41
1069,8,2024,0.109182,0.114174,0.0457218222783975,2024-03-02 21:01:13
1069,9,2024,0.114174,0.130457,0.14261565680452637,2024-03-09 21:01:15
1069,10,2024,0.130457,0.112721,-0.13595284269912683,2024-03-16 21:01:09
1069,11,2024,0.112721,0.108155,-0.04050709273338598,2024-03-23 21:01:04
1069,12,2024,0.108155,0.114848,0.06188340807174892,2024-03-30 21:01:19
1069,13,2024,0.114848,0.10546,-0.0817428252995264,2024-04-06 21:01:23
1069,14,2024,0.10546,0.073079,-0.3070453252417978,2024-04-13 21:01:37
1069,15,2024,0.073079,0.086646,0.1856484078873547,2024-04-20 21:01:37
1069,16,2024,0.086646,0.107053,0.23552154744592935,2024-04-27 21:01:39
1069,17,2024,0.107053,0.109607,0.023857341690564495,2024-05-04 21:01:26
1081,5,2024,0.0143404,0.0156649,0.0923614404061253,2024-02-10 21:08:55
1081,6,2024,0.0156649,0.0168467,0.07544254990456373,2024-02-18 03:10:11
1081,7,2024,0.0168467,0.0204644,0.21474235310179451,2024-02-24 21:10:42
1081,8,2024,0.0204644,0.0274449,0.34110455229569403,2024-03-02 21:08:29
1081,9,2024,0.0274449,0.0361083,0.3156652055573167,2024-03-09 21:07:28
1081,10,2024,0.0361083,0.0295682,-0.18112456138893282,2024-03-16 21:07:05
1081,11,2024,0.0295682,0.0303124,0.025168931487205864,2024-03-23 21:07:12
1081,12,2024,0.0303124,0.0306045,0.009636320449716948,2024-03-30 21:07:08
1081,13,2024,0.0306045,0.0276668,-0.095989151922103,2024-04-06 21:08:32
1081,14,2024,0.0276668,0.0178415,-0.3551296138331863,2024-04-13 21:11:35
1081,15,2024,0.0178415,0.0221896,0.24370708740856994,2024-04-20 21:11:07
1081,16,2024,0.0221896,0.0203995,-0.08067292785809566,2024-04-27 21:09:56
1081,17,2024,0.0203995,0.0200955,-0.014902326037402984,2024-05-04 21:10:52
1087,5,2024,0.708463,0.720815,0.01743492603001149,2024-02-10 21:03:07
1087,6,2024,0.720815,0.736164,0.021293951984906054,2024-02-18 03:00:57
1087,7,2024,0.736164,0.811322,0.10209409859759502,2024-02-24 21:04:01
1087,8,2024,0.811322,0.958542,0.18145693078703648,2024-03-02 21:03:33
1087,9,2024,0.958542,1.035,0.07976489293113907,2024-03-09 21:03:23
1087,10,2024,1.035,0.901713,-0.12877971014492748,2024-03-16 21:03:28
1087,11,2024,0.901713,0.925262,0.02611584839078514,2024-03-23 21:03:35
1087,12,2024,0.925262,1.029,0.11211743268393155,2024-03-30 21:03:37
1087,13,2024,1.029,0.926786,-0.09933333333333326,2024-04-06 21:03:49
1087,14,2024,0.926786,0.598277,-0.3544604687597785,2024-04-13 21:04:38
1087,15,2024,0.598277,0.729266,0.2189437334211411,2024-04-20 21:05:04
1087,16,2024,0.729266,0.693806,-0.04862423313304053,2024-04-27 21:04:42
1087,17,2024,0.693806,0.68689,-0.00996820436836815,2024-05-04 21:04:56
1118,5,2024,0.0023465,0.00253466,0.08018751331770728,2024-02-10 21:09:05
1118,6,2024,0.00253466,0.00469705,0.8531282302162815,2024-02-18 03:10:16
1118,7,2024,0.00469705,0.00482009,0.026195165050403892,2024-02-24 21:07:30
1118,8,2024,0.00482009,0.0048402,0.004172121267445269,2024-03-02 21:06:48
1118,9,2024,0.0048402,0.00465527,-0.038207098880211524,2024-03-09 21:07:08
1118,10,2024,0.00465527,0.0038777,-0.1670300541107176,2024-03-16 21:08:28
1118,11,2024,0.0038777,0.00413392,0.06607525079299588,2024-03-23 21:08:23
1118,12,2024,0.00413392,0.0042575,0.029894144056972525,2024-03-30 21:08:07
1118,13,2024,0.0042575,0.00389826,-0.08437815619495005,2024-04-06 21:09:47
1118,14,2024,0.00389826,0.00315367,-0.19100573076192975,2024-04-13 21:12:55
1118,15,2024,0.00315367,0.00380674,0.2070825419273418,2024-04-20 21:10:06
1118,16,2024,0.00380674,0.00346434,-0.08994572784061944,2024-04-27 21:09:45
1118,17,2024,0.00346434,0.00337622,-0.025436302441446314,2024-05-04 21:10:28
2391,5,2024,0.195716,0.218639,0.11712379161642379,2024-02-10 21:03:22
2391,6,2024,0.218639,0.222348,0.016964036608290333,2024-02-18 03:01:01
2391,7,2024,0.222348,0.233959,0.052219943511972275,2024-02-24 21:04:08
2391,8,2024,0.233959,0.301385,0.2881957949897205,2024-03-02 21:03:44
2391,9,2024,0.301385,0.286589,-0.04909335235662037,2024-03-09 21:03:19
2391,10,2024,0.286589,0.258718,-0.09725076677751059,2024-03-16 21:03:45
2391,11,2024,0.258718,0.258203,-0.001990584342797902,2024-03-23 21:03:45
2391,12,2024,0.258203,0.263575,0.020805335336924774,2024-03-30 21:03:52
2391,13,2024,0.263575,0.246277,-0.06562837901925452,2024-04-06 21:04:10
2391,14,2024,0.246277,0.160139,-0.3497606353821104,2024-04-13 21:05:17
2391,15,2024,0.160139,0.199549,0.2460987017528522,2024-04-20 21:05:28
2391,16,2024,0.199549,0.1914,-0.040837087632611624,2024-04-27 21:05:00
2391,17,2024,0.1914,0.184338,-0.036896551724137854,2024-05-04 21:05:21
3844,5,2024,1.12,1.16,0.035714285714285546,2024-02-10 21:04:12
3844,6,2024,1.16,1.33,0.1465517241379312,2024-02-18 03:02:09
3844,7,2024,1.33,1.32,-0.0075187969924812095,2024-02-24 21:05:07
3844,8,2024,1.32,1.49,0.12878787878787873,2024-03-02 21:04:49
3844,9,2024,1.49,1.55,0.040268456375838965,2024-03-09 21:04:47
3844,10,2024,1.55,1.35,-0.1290322580645161,2024-03-16 21:04:59
3844,11,2024,1.35,1.38,0.022222222222222077,2024-03-23 21:05:11
3844,12,2024,1.38,1.38,0.0,2024-03-30 21:05:16
3844,13,2024,1.38,1.26,-0.08695652173913036,2024-04-06 21:06:14
3844,14,2024,1.26,0.887131,-0.2959277777777778,2024-04-13 21:08:23
3844,15,2024,0.887131,1.14,0.2850413298599642,2024-04-20 21:07:31
3844,16,2024,1.14,1.05,-0.07894736842105252,2024-04-27 21:06:52
3844,17,2024,1.05,1.19,0.13333333333333325,2024-05-04 21:07:47
4688,5,2024,6.88,7.26,0.05523255813953487,2024-02-10 21:00:31
4688,6,2024,7.26,7.66,0.05509641873278242,2024-02-18 21:00:37
4688,7,2024,7.66,7.8,0.018276762402088732,2024-02-24 21:00:35
4688,8,2024,7.8,9.19,0.17820512820512815,2024-03-02 21:00:32
4688,9,2024,9.19,10.52,0.14472252448313386,2024-03-09 21:00:35
4688,10,2024,10.52,9.93,-0.056083650190114055,2024-03-16 21:00:30
4688,11,2024,9.93,9.11,-0.08257804632426992,2024-03-23 21:00:27
4688,12,2024,9.11,9.49,0.04171240395170152,2024-03-30 21:00:32
4688,13,2024,9.49,8.45,-0.1095890410958905,2024-04-06 21:00:34
4688,14,2024,8.45,5.95,-0.2958579881656804,2024-04-13 21:00:41
4688,15,2024,5.95,7.24,0.21680672268907564,2024-04-20 21:00:43
4688,16,2024,7.24,6.79,-0.06215469613259671,2024-04-27 21:00:40
4688,17,2024,6.79,7.17,0.055964653902798214,2024-05-04 21:00:46
4708,5,2024,0.442693,0.472759,0.0679161405307967,2024-02-10 21:02:22
4708,6,2024,0.472759,0.496167,0.04951359995261865,2024-02-18 21:02:43
4708,7,2024,0.496167,0.521998,0.052061100395632796,2024-02-24 21:02:55
4708,8,2024,0.521998,0.685632,0.3134762968440493,2024-03-02 21:02:36
4708,9,2024,0.685632,0.765743,0.11684256277419947,2024-03-09 21:02:20
4708,10,2024,0.765743,0.631984,-0.17467871074237698,2024-03-16 21:02:25
4708,11,2024,0.631984,0.678704,0.07392592217524492,2024-03-23 21:02:27
4708,12,2024,0.678704,0.705045,0.038810733397769956,2024-03-30 21:02:26
4708,13,2024,0.705045,0.608391,-0.13708912197093803,2024-04-06 21:02:42
4708,14,2024,0.608391,0.386002,-0.36553630806504367,2024-04-13 21:03:38
4708,15,2024,0.386002,0.48288,0.25097797420738743,2024-04-20 21:03:55
4708,16,2024,0.48288,0.456,-0.05566600397614306,2024-04-27 21:03:35
4708,17,2024,0.456,0.452374,-0.007951754385964951,2024-05-04 21:04:01
5518,5,2024,36.09,40.18,0.11332779163203092,2024-02-10 21:00:24
5518,6,2024,40.18,39.74,-0.010950721752115424,2024-02-18 21:00:29
5518,7,2024,39.74,36.68,-0.07700050327126326,2024-02-24 21:00:26
5518,8,2024,36.68,42.71,0.16439476553980373,2024-03-02 21:00:24
5518,9,2024,42.71,42.97,0.0060875673144462185,2024-03-09 21:00:27
5518,10,2024,42.97,53.83,0.2527344659064463,2024-03-16 21:00:28
5518,11,2024,53.83,54.35,0.009660040869403736,2024-03-23 21:00:24
5518,12,2024,54.35,53.39,-0.017663293468261284,2024-03-30 21:00:26
5518,13,2024,53.39,48.17,-0.09777111818692637,2024-04-06 21:00:28
5518,14,2024,48.17,30.43,-0.36827901183309114,2024-04-13 21:00:34
5518,15,2024,30.43,37.93,0.24646730200460074,2024-04-20 21:00:33
5518,16,2024,37.93,34.33,-0.09491167940943848,2024-04-27 21:00:34
5518,17,2024,34.33,37.39,0.08913486746286055,2024-05-04 21:00:35
5613,5,2024,86.56,88.84,0.02634011090573014,2024-02-10 21:01:57
5613,6,2024,88.84,93.8,0.05583070688878876,2024-02-18 21:02:18
5613,7,2024,93.8,99.53,0.06108742004264397,2024-02-24 21:02:28
5613,8,2024,99.53,116.98,0.17532402290766605,2024-03-02 21:02:10
5613,9,2024,116.98,131.43,0.12352538895537701,2024-03-09 21:02:08
5613,10,2024,131.43,119.71,-0.0891729437723504,2024-03-16 21:02:15
5613,11,2024,119.71,122.87,0.026397126388772958,2024-03-23 21:02:10
5613,12,2024,122.87,125.16,0.018637584438837732,2024-03-30 21:02:13
5613,13,2024,125.16,117.75,-0.059204218600191726,2024-04-06 21:02:30
5613,14,2024,117.75,74.55,-0.3668789808917198,2024-04-13 21:02:58
5613,15,2024,74.55,91.66,0.2295103957075788,2024-04-20 21:03:18
5613,16,2024,91.66,91.85,0.002072878027492884,2024-04-27 21:03:02
5613,17,2024,91.85,89.28,-0.027980402830702158,2024-05-04 21:03:20
5674,5,2024,2.44,2.56,0.04918032786885251,2024-02-10 21:03:35
5674,6,2024,2.56,2.76,0.07812499999999989,2024-02-18 03:01:38
5674,7,2024,2.76,3.23,0.17028985507246386,2024-02-24 21:04:35
5674,8,2024,3.23,3.29,0.01857585139318887,2024-03-02 21:03:51
5674,9,2024,3.29,3.72,0.1306990881458967,2024-03-09 21:03:55
5674,10,2024,3.72,4.3,0.15591397849462355,2024-03-16 21:04:06
5674,11,2024,4.3,4.13,-0.03953488372093022,2024-03-23 21:03:20
5674,12,2024,4.13,4.64,0.12348668280871666,2024-03-30 21:03:33
5674,13,2024,4.64,3.92,-0.1551724137931034,2024-04-06 21:03:37
5674,14,2024,3.92,2.6,-0.336734693877551,2024-04-13 21:04:52
5674,15,2024,2.6,2.94,0.13076923076923072,2024-04-20 21:04:55
5674,16,2024,2.94,2.74,-0.06802721088435365,2024-04-27 21:04:57
5674,17,2024,2.74,2.72,-0.0072992700729927066,2024-05-04 21:05:01
6009,5,2024,7.17,7.52,0.04881450488145044,2024-02-10 21:02:24
6009,6,2024,7.52,7.93,0.054521276595744704,2024-02-18 03:00:07
6009,7,2024,7.93,8.08,0.01891551071878945,2024-02-24 21:03:01
6009,8,2024,8.08,10.36,0.2821782178217821,2024-03-02 21:02:45
6009,9,2024,10.36,12.41,0.19787644787644795,2024-03-09 21:02:27
6009,10,2024,12.41,10.55,-0.14987912973408538,2024-03-16 21:02:27
6009,11,2024,10.55,10.51,-0.0037914691943128835,2024-03-23 21:02:23
6009,12,2024,10.51,10.92,0.03901046622264511,2024-03-30 21:02:34
6009,13,2024,10.92,9.72,-0.10989010989010982,2024-04-06 21:02:47
6009,14,2024,9.72,6.5,-0.3312757201646091,2024-04-13 21:03:34
6009,15,2024,6.5,7.61,0.1707692307692308,2024-04-20 21:03:40
6009,16,2024,7.61,7.46,-0.019710906701708324,2024-04-27 21:03:32
6009,17,2024,7.46,7.47,0.001340482573726513,2024-05-04 21:03:49
6569,5,2024,0.158082,0.171571,0.08532913298161714,2024-02-10 21:01:44
6569,6,2024,0.171571,0.203165,0.18414533924730875,2024-02-18 21:01:58
6569,7,2024,0.203165,0.271895,0.33829645854354823,2024-02-24 21:02:01
6569,8,2024,0.271895,0.317406,0.167384468269001,2024-03-02 21:01:35
6569,9,2024,0.317406,0.400674,0.2623390862176517,2024-03-09 21:01:29
6569,10,2024,0.400674,0.372522,-0.07026160918851725,2024-03-16 21:01:18
6569,11,2024,0.372522,0.369822,-0.00724789408410788,2024-03-23 21:01:18
6569,12,2024,0.369822,0.390797,0.05671647441201449,2024-03-30 21:01:22
6569,13,2024,0.390797,0.335957,-0.1403286105062219,2024-04-06 21:01:31
6569,14,2024,0.335957,0.211248,-0.3712052435281897,2024-04-13 21:01:50
6569,15,2024,0.211248,0.298259,0.41189029008558664,2024-04-20 21:01:55
6569,16,2024,0.298259,0.267528,-0.10303461085834797,2024-04-27 21:01:48
6569,17,2024,0.267528,0.278362,0.04049669567297633,2024-05-04 21:02:13
6641,5,2024,0.413781,0.424297,0.02541441003816021,2024-02-10 21:04:10
6641,6,2024,0.424297,0.438108,0.03255031263478181,2024-02-18 03:02:07
6641,7,2024,0.438108,0.499547,0.1402371104841729,2024-02-24 21:05:19
6641,8,2024,0.499547,0.573014,0.14706724292208742,2024-03-02 21:04:39
6641,9,2024,0.573014,0.620548,0.08295434317486128,2024-03-09 21:04:31
6641,10,2024,0.620548,0.571117,-0.07965701283381786,2024-03-16 21:04:37
6641,11,2024,0.571117,0.550957,-0.03529924691437999,2024-03-23 21:04:39
6641,12,2024,0.550957,0.614314,0.1149944551026668,2024-03-30 21:04:51
6641,13,2024,0.614314,0.544748,-0.11324176235605897,2024-04-06 21:05:20
6641,14,2024,0.544748,0.365902,-0.32830960370666806,2024-04-13 21:06:57
6641,15,2024,0.365902,0.4459,0.2186323113839225,2024-04-20 21:06:58
6641,16,2024,0.4459,0.440387,-0.012363758690289404,2024-04-27 21:06:20
6641,17,2024,0.440387,0.391381,-0.11127939743907063,2024-05-04 21:06:43
7102,5,2024,0.748476,0.844575,0.12839289436134216,2024-02-10 21:02:03
7102,6,2024,0.844575,0.926887,0.09745966906432235,2024-02-18 21:02:25
7102,7,2024,0.926887,1.001,0.07995904570891584,2024-02-24 21:02:32
7102,8,2024,1.001,1.21,0.20879120879120888,2024-03-02 21:02:06
7102,9,2024,1.21,1.4,0.1570247933884297,2024-03-09 21:02:03
7102,10,2024,1.4,1.29,-0.07857142857142849,2024-03-16 21:02:07
7102,11,2024,1.29,1.29,0.0,2024-03-23 21:02:04
7102,12,2024,1.29,1.31,0.015503875968992262,2024-03-30 21:02:07
7102,13,2024,1.31,1.24,-0.05343511450381684,2024-04-06 21:02:19
7102,14,2024,1.24,0.807536,-0.34876129032258063,2024-04-13 21:02:52
7102,15,2024,0.807536,0.939783,0.16376607358681222,2024-04-20 21:02:55
7102,16,2024,0.939783,0.904426,-0.037622514984842335,2024-04-27 21:03:00
7102,17,2024,0.904426,0.915027,0.011721246403796534,2024-05-04 21:03:22
8477,5,2024,1.21,1.33,0.09917355371900835,2024-02-10 21:01:59
8477,6,2024,1.33,1.36,0.02255639097744363,2024-02-18 21:02:16
8477,7,2024,1.36,1.32,-0.029411764705882377,2024-02-24 21:02:26
8477,8,2024,1.32,1.4,0.06060606060606049,2024-03-02 21:02:14
8477,9,2024,1.4,1.36,-0.02857142857142844,2024-03-09 21:02:25
8477,10,2024,1.36,1.27,-0.06617647058823535,2024-03-16 21:02:40
8477,11,2024,1.27,1.21,-0.04724409448818902,2024-03-23 21:02:37
8477,12,2024,1.21,1.22,0.008264462809917363,2024-03-30 21:02:52
8477,13,2024,1.22,1.083,-0.11229508196721312,2024-04-06 21:03:11
8477,14,2024,1.083,0.668991,-0.38227977839335175,2024-04-13 21:04:06
8477,15,2024,0.668991,0.866951,0.2959083156574603,2024-04-20 21:04:33
8477,16,2024,0.866951,0.85663,-0.011904940417624554,2024-04-27 21:04:11
8477,17,2024,0.85663,0.847656,-0.010475934767636013,2024-05-04 21:04:22
8839,5,2024,12.7,13.35,0.05118110236220476,2024-02-10 21:00:38
8839,6,2024,13.35,13.16,-0.014232209737827678,2024-02-18 21:00:45
8839,7,2024,13.16,12.6,-0.04255319148936174,2024-02-24 21:00:43
8839,8,2024,12.6,13.18,0.04603174603174604,2024-03-02 21:00:42
8839,9,2024,13.18,14.79,0.12215477996965095,2024-03-09 21:00:47
8839,10,2024,14.79,12.27,-0.17038539553752532,2024-03-16 21:00:45
8839,11,2024,12.27,13.59,0.10757946210268951,2024-03-23 21:00:44
8839,12,2024,13.59,18.22,0.34069168506254593,2024-03-30 21:00:51
8839,13,2024,18.22,17.03,-0.06531284302963763,2024-04-06 21:00:48
8839,14,2024,17.03,11.45,-0.32765707574867886,2024-04-13 21:00:56
8839,15,2024,11.45,15.22,0.3292576419213975,2024-04-20 21:00:56
8839,16,2024,15.22,13.19,-0.1333771353482261,2024-04-27 21:00:48
8839,17,2024,13.19,13.28,0.006823351023502643,2024-05-04 21:01:08
10410,5,2024,22.08,22.99,0.04121376811594204,2024-02-10 21:08:17
10410,6,2024,22.99,22.36,-0.027403218790778557,2024-02-18 03:09:51
10410,7,2024,22.36,22.16,-0.008944543828264727,2024-02-24 21:11:09
10410,8,2024,22.16,25.42,0.1471119133574008,2024-03-02 21:09:54
10410,9,2024,25.42,22.7,-0.1070023603461842,2024-03-09 21:09:38
10410,10,2024,22.7,21.65,-0.04625550660792955,2024-03-16 21:11:50
10410,11,2024,21.65,20.58,-0.04942263279445729,2024-03-23 21:10:44
10410,12,2024,20.58,21.04,0.022351797862001987,2024-03-30 21:11:11
10410,13,2024,21.04,18.8,-0.10646387832699612,2024-04-06 21:13:59
10410,14,2024,18.8,10.62,-0.43510638297872345,2024-04-13 21:19:39
10410,15,2024,10.62,14.05,0.3229755178907723,2024-04-20 21:19:59
10410,16,2024,14.05,12.96,-0.07758007117437721,2024-04-27 21:17:28
10410,17,2024,12.96,13.98,0.07870370370370366,2024-05-04 21:18:40
15335,5,2024,0.351964,0.384163,0.09148378811469349,2024-02-10 21:06:03
15335,6,2024,0.384163,0.440717,0.14721355258054536,2024-02-18 03:03:39
15335,7,2024,0.440717,0.440505,-0.0004810343145375501,2024-02-24 21:07:11
15335,8,2024,0.440505,0.502043,0.13969875483819716,2024-03-02 21:06:38
15335,9,2024,0.502043,0.485064,-0.03381981224715815,2024-03-09 21:06:11
15335,10,2024,0.485064,0.547619,0.12896236372932227,2024-03-16 21:07:30
15335,11,2024,0.547619,0.505006,-0.077815050244787,2024-03-23 21:05:56
15335,12,2024,0.505006,0.491286,-0.027167994043635037,2024-03-30 21:06:27
15335,13,2024,0.491286,0.436884,-0.11073386988434436,2024-04-06 21:07:54
15335,14,2024,0.436884,0.271424,-0.37872753408227355,2024-04-13 21:11:16
15335,15,2024,0.271424,0.335435,0.23583397194058,2024-04-20 21:10:17
15335,16,2024,0.335435,0.311601,-0.07105400450161721,2024-04-27 21:09:42
15335,17,2024,0.311601,0.306326,-0.016928700485556943,2024-05-04 21:10:24
15951,5,2024,8.05257e-07,1.02e-06,0.2666763530152485,2024-02-10 21:03:05
15951,6,2024,1.02e-06,1.08e-06,0.05882352941176477,2024-02-18 03:00:13
15951,7,2024,1.08e-06,1.09e-06,0.00925925925925917,2024-02-24 21:03:05
15951,8,2024,1.09e-06,1.47e-06,0.34862385321100914,2024-03-02 21:02:48
15951,9,2024,1.47e-06,1.81e-06,0.23129251700680284,2024-03-09 21:02:30
15951,10,2024,1.81e-06,1.4e-06,-0.22651933701657465,2024-03-16 21:02:22
15951,11,2024,1.4e-06,1.56e-06,0.11428571428571441,2024-03-23 21:02:39
15951,12,2024,1.56e-06,1.6e-06,0.02564102564102553,2024-03-30 21:02:30
15951,13,2024,1.6e-06,1.48e-06,-0.07499999999999994,2024-04-06 21:02:49
15951,14,2024,1.48e-06,1.23e-06,-0.1689189189189189,2024-04-13 21:03:25
15951,15,2024,1.23e-06,1.31e-06,0.06504065040650396,2024-04-20 21:02:57
15951,16,2024,1.31e-06,1.32e-06,0.007633587786259631,2024-04-27 21:03:11
15951,17,2024,1.32e-06,1.27e-06,-0.037878787878788,2024-05-04 21:03:27
18126,5,2024,2.98,3.38,0.13422818791946306,2024-02-10 21:01:14
18126,6,2024,3.38,3.56,0.053254437869822535,2024-02-18 21:01:09
18126,7,2024,3.56,3.7,0.03932584269662925,2024-02-24 21:01:17
18126,8,2024,3.7,3.94,0.0648648648648648,2024-03-02 21:01:15
18126,9,2024,3.94,4.68,0.18781725888324868,2024-03-09 21:01:08
18126,10,2024,4.68,3.56,-0.23931623931623927,2024-03-16 21:01:04
18126,11,2024,3.56,3.5,-0.016853932584269676,2024-03-23 21:01:16
18126,12,2024,3.5,3.68,0.051428571428571476,2024-03-30 21:01:20
18126,13,2024,3.68,3.0,-0.18478260869565222,2024-04-06 21:01:28
18126,14,2024,3.0,1.95,-0.35000000000000003,2024-04-13 21:01:54
18126,15,2024,1.95,2.48,0.27179487179487183,2024-04-20 21:02:05
18126,16,2024,2.48,2.56,0.03225806451612906,2024-04-27 21:01:54
18126,17,2024,2.56,2.89,0.12890625000000003,2024-05-04 21:02:09
18408,5,2024,0.101936,0.13915,0.36507220216606495,2024-02-10 21:01:25
18408,6,2024,0.13915,0.162331,0.16659001077973415,2024-02-18 21:01:15
18408,7,2024,0.162331,0.168503,0.0380210803851389,2024-02-24 21:01:10
18408,8,2024,0.168503,0.170836,0.013845450822834027,2024-03-02 21:01:04
18408,9,2024,0.170836,0.146685,-0.14136950057364947,2024-03-09 21:01:13
18408,10,2024,0.146685,0.131743,-0.10186453965981532,2024-03-16 21:01:28
18408,11,2024,0.131743,0.139557,0.059312449238289607,2024-03-23 21:01:21
18408,12,2024,0.139557,0.133211,-0.04547245928187043,2024-03-30 21:01:24
18408,13,2024,0.133211,0.137892,0.03513974071210329,2024-04-06 21:01:45
18408,14,2024,0.137892,0.10726,-0.22214486699736022,2024-04-13 21:01:47
18408,15,2024,0.10726,0.120664,0.12496736900988253,2024-04-20 21:01:43
18408,16,2024,0.120664,0.109717,-0.09072299940330172,2024-04-27 21:01:50
18408,17,2024,0.109717,0.111571,0.016898019450039724,2024-05-04 21:02:15
983,5,2024,0.110905,0.11197,0.009602813218520323,2024-02-10 21:00:56
983,6,2024,0.11197,0.114158,0.019540948468339692,2024-02-18 21:01:11
983,7,2024,0.114158,0.11685,0.023581352161039962,2024-02-24 21:01:25
983,8,2024,0.11685,0.134743,0.1531279418057339,2024-03-02 21:01:20
983,9,2024,0.134743,0.142658,0.05874145595689576,2024-03-09 21:01:17
983,10,2024,0.142658,0.12954,-0.09195418413268108,2024-03-16 21:01:13
983,11,2024,0.12954,0.134974,0.04194843291647385,2024-03-23 21:01:10
983,12,2024,0.134974,0.139713,0.03511046571932367,2024-03-30 21:01:11
983,13,2024,0.139713,0.128626,-0.0793555359916401,2024-04-06 21:01:21
983,14,2024,0.128626,0.096686,-0.24831682552516599,2024-04-13 21:01:30
983,15,2024,0.096686,0.115854,0.19825000517137958,2024-04-20 21:01:32
983,16,2024,0.115854,0.114181,-0.014440589017211266,2024-04-27 21:01:25
983,17,2024,0.114181,0.111926,-0.019749345337665695,2024-05-04 21:01:34
991,5,2024,25.03,25.93,0.0359568517778665,2024-02-10 21:00:52
991,6,2024,25.93,26.11,0.006941766293868096,2024-02-18 21:01:05
991,7,2024,26.11,26.08,-0.0011489850631942221,2024-02-24 21:01:08
991,8,2024,26.08,33.04,0.26687116564417185,2024-03-02 21:01:07
991,9,2024,33.04,37.38,0.13135593220338992,2024-03-09 21:00:52
991,10,2024,37.38,31.1,-0.16800428036383094,2024-03-16 21:00:53
991,11,2024,31.1,30.94,-0.005144694533762062,2024-03-23 21:00:55
991,12,2024,30.94,33.17,0.07207498383968973,2024-03-30 21:01:02
991,13,2024,33.17,33.08,-0.0027132951462165633,2024-04-06 21:01:06
991,14,2024,33.08,23.78,-0.2811366384522369,2024-04-13 21:01:13
991,15,2024,23.78,28.01,0.17788057190916737,2024-04-20 21:01:10
991,16,2024,28.01,27.42,-0.021063905747947156,2024-04-27 21:01:07
991,17,2024,27.42,27.15,-0.009846827133479326,2024-05-04 21:01:21
998,5,2024,0.079119,0.081361,0.028337061894108975,2024-02-10 21:00:25
998,6,2024,0.081361,0.083577,0.027236636717837732,2024-02-18 21:00:31
998,7,2024,0.083577,0.085832,0.02698110724242324,2024-02-24 21:00:31
998,8,2024,0.085832,0.140158,0.6329341038307391,2024-03-02 21:00:26
998,9,2024,0.140158,0.179539,0.28097575593259033,2024-03-09 21:00:25
998,10,2024,0.179539,0.14412,-0.19727747174708563,2024-03-16 21:00:25
998,11,2024,0.14412,0.169279,0.1745698029419929,2024-03-23 21:00:22
998,12,2024,0.169279,0.201136,0.18819227429273563,2024-03-30 21:00:21
998,13,2024,0.201136,0.185049,-0.07998070956964451,2024-04-06 21:00:24
998,14,2024,0.185049,0.138084,-0.2537976427865051,2024-04-13 21:00:25
998,15,2024,0.138084,0.162406,0.17613916166970814,2024-04-20 21:00:25
998,16,2024,0.162406,0.14769,-0.09061241579744596,2024-04-27 21:00:25
998,17,2024,0.14769,0.161735,0.09509784007041779,2024-05-04 21:00:27
1062,5,2024,0.358116,0.396235,0.10644316366763847,2024-02-10 21:02:18
1062,6,2024,0.396235,0.397245,0.0025489923908791775,2024-02-18 21:02:36
1062,7,2024,0.397245,0.421131,0.06012913944794764,2024-02-24 21:02:54
1062,8,2024,0.421131,0.535272,0.27103442871695504,2024-03-02 21:02:32
1062,9,2024,0.535272,0.796949,0.4888673422110629,2024-03-09 21:02:22
1062,10,2024,0.796949,0.810335,0.016796557872586586,2024-03-16 21:01:54
1062,11,2024,0.810335,1.066,0.3155053157027649,2024-03-23 21:01:48
1062,12,2024,1.066,0.941835,-0.11647748592870551,2024-03-30 21:01:33
1062,13,2024,0.941835,0.838055,-0.11018915202769061,2024-04-06 21:01:53
1062,14,2024,0.838055,0.59582,-0.2890442751370733,2024-04-13 21:02:16
1062,15,2024,0.59582,0.747642,0.25481185592964317,2024-04-20 21:02:20
1062,16,2024,0.747642,0.726026,-0.02891223339512772,2024-04-27 21:02:15
1062,17,2024,0.726026,0.697668,-0.039059207246021486,2024-05-04 21:02:36
3747,5,2024,97.97,109.79,0.12064917831989393,2024-02-10 21:00:14
3747,6,2024,109.79,108.44,-0.012296201839876205,2024-02-18 21:00:14
3747,7,2024,108.44,104.14,-0.039653264478052355,2024-02-24 21:00:15
3747,8,2024,104.14,129.1,0.23967735740349524,2024-03-02 21:00:13
3747,9,2024,129.1,146.23,0.13268783888458557,2024-03-09 21:00:14
3747,10,2024,146.23,183.98,0.2581549613622376,2024-03-16 21:00:15
3747,11,2024,183.98,173.47,-0.057125774540710904,2024-03-23 21:00:12
3747,12,2024,173.47,195.04,0.124344267020234,2024-03-30 21:00:14
3747,13,2024,195.04,177.97,-0.08752050861361768,2024-04-06 21:00:16
3747,14,2024,177.97,124.25,-0.3018486261729505,2024-04-13 21:00:16
3747,15,2024,124.25,151.22,0.21706237424547284,2024-04-20 21:00:15
3747,16,2024,151.22,140.99,-0.06764978177489743,2024-04-27 21:00:17
3747,17,2024,140.99,147.23,0.044258458046669835,2024-05-04 21:00:17
5395,5,2024,6.14,6.66,0.08469055374592842,2024-02-10 21:00:47
5395,6,2024,6.66,7.68,0.1531531531531531,2024-02-18 21:00:50
5395,7,2024,7.68,11.21,0.45963541666666685,2024-02-24 21:00:46
5395,8,2024,11.21,12.51,0.1159678858162354,2024-03-02 21:00:35
5395,9,2024,12.51,14.26,0.1398880895283773,2024-03-09 21:00:40
5395,10,2024,14.26,12.22,-0.1430575035063113,2024-03-16 21:00:35
5395,11,2024,12.22,11.82,-0.032733224222585955,2024-03-23 21:00:37
5395,12,2024,11.82,12.73,0.07698815566835872,2024-03-30 21:00:43
5395,13,2024,12.73,11.25,-0.11626080125687356,2024-04-06 21:00:44
5395,14,2024,11.25,6.25,-0.4444444444444444,2024-04-13 21:00:51
5395,15,2024,6.25,7.85,0.25599999999999995,2024-04-20 21:01:03
5395,16,2024,7.85,7.94,0.011464968152866338,2024-04-27 21:00:56
5395,17,2024,7.94,7.57,-0.04659949622166248,2024-05-04 21:01:11
809,5,2024,0.081564,0.087584,0.07380707174733948,2024-02-10 21:01:31
809,6,2024,0.087584,0.088515,0.010629795396419452,2024-02-18 21:01:40
809,7,2024,0.088515,0.094332,0.06571767497034404,2024-02-24 21:01:45
809,8,2024,0.094332,0.147896,0.5678242802018403,2024-03-02 21:01:38
809,9,2024,0.147896,0.159537,0.07871071563801599,2024-03-09 21:01:11
809,10,2024,0.159537,0.136937,-0.14165992841785924,2024-03-16 21:01:12
809,11,2024,0.136937,0.137781,0.006163418214215176,2024-03-23 21:01:14
809,12,2024,0.137781,0.152882,0.1096014689979025,2024-03-30 21:01:17
809,13,2024,0.152882,0.145284,-0.049698460250389154,2024-04-06 21:01:20
809,14,2024,0.145284,0.119523,-0.17731477657553477,2024-04-13 21:01:26
809,15,2024,0.119523,0.13116,0.0973620140056725,2024-04-20 21:01:14
809,16,2024,0.13116,0.128449,-0.020669411405916372,2024-04-27 21:01:17
809,17,2024,0.128449,0.134244,0.04511518190098789,2024-05-04 21:01:31
1013,5,2024,9.88,10.16,0.028340080971659853,2024-02-10 21:02:26
1013,6,2024,10.16,10.33,0.01673228346456692,2024-02-18 03:00:15
1013,7,2024,10.33,10.48,0.014520813165537305,2024-02-24 21:03:15
1013,8,2024,10.48,12.8,0.22137404580152673,2024-03-02 21:03:01
1013,9,2024,12.8,15.14,0.1828125,2024-03-09 21:02:52
1013,10,2024,15.14,14.76,-0.025099075297225944,2024-03-16 21:02:38
1013,11,2024,14.76,14.31,-0.03048780487804873,2024-03-23 21:02:30
1013,12,2024,14.31,10.79,-0.24598183088749134,2024-03-30 21:02:40
1013,13,2024,10.79,10.4,-0.036144578313252906,2024-04-06 21:03:55
1013,14,2024,10.4,8.45,-0.18750000000000008,2024-04-13 21:04:46
1013,15,2024,8.45,9.24,0.09349112426035515,2024-04-20 21:04:14
1013,16,2024,9.24,10.05,0.08766233766233772,2024-04-27 21:04:28
1013,17,2024,10.05,10.27,0.021890547263681476,2024-05-04 21:04:11
4406,5,2024,0.143665,0.114864,-0.20047332335641943,2024-02-10 21:11:08
4406,6,2024,0.114864,0.083713,-0.27119898314528484,2024-02-18 03:14:18
4406,7,2024,0.083713,0.088667,0.059178383285750126,2024-02-24 21:21:33
4406,8,2024,0.088667,0.102653,0.15773624911184544,2024-03-02 21:18:02
4406,9,2024,0.102653,0.097714,-0.04811354758263275,2024-03-09 21:18:16
4406,10,2024,0.097714,0.086076,-0.11910268743475855,2024-03-16 21:19:55
4406,11,2024,0.086076,0.076667,-0.10931037687624891,2024-03-23 21:19:37
4406,12,2024,0.076667,0.078513,0.02407815618192965,2024-03-30 21:20:35
4406,13,2024,0.078513,0.075671,-0.03619782711143374,2024-04-06 21:25:44
4406,14,2024,0.075671,0.065958,-0.12835828785135653,2024-04-13 21:34:37
4406,15,2024,0.065958,0.066551,0.008990569756511663,2024-04-20 21:26:47
4406,16,2024,0.066551,0.066814,0.003951856470977136,2024-04-27 21:27:26
4406,17,2024,0.066814,0.061596,-0.07809740473553448,2024-05-04 21:27:55
6723,5,2024,2.78,2.96,0.06474820143884898,2024-02-10 21:01:22
6723,6,2024,2.96,3.15,0.06418918918918917,2024-02-18 21:01:36
6723,7,2024,3.15,3.29,0.04444444444444449,2024-02-24 21:01:39
6723,8,2024,3.29,3.38,0.027355623100303907,2024-03-02 21:01:29
6723,9,2024,3.38,3.38,0.0,2024-03-09 21:01:27
6723,10,2024,3.38,2.72,-0.19526627218934903,2024-03-16 21:01:38
6723,11,2024,2.72,2.89,0.06249999999999997,2024-03-23 21:01:42
6723,12,2024,2.89,2.82,-0.02422145328719733,2024-03-30 21:01:43
6723,13,2024,2.82,2.52,-0.1063829787234042,2024-04-06 21:02:00
6723,14,2024,2.52,1.66,-0.3412698412698413,2024-04-13 21:02:21
6723,15,2024,1.66,2.1,0.26506024096385555,2024-04-20 21:02:35
6723,16,2024,2.1,2.02,-0.038095238095238126,2024-04-27 21:02:29
6723,17,2024,2.02,2.09,0.03465346534653457,2024-05-04 21:02:45
